Age;Gender;MarStat;Housing;Educ;Inc_Gr;Children;IQ;rate;cost_type;ID
61;0;4;3;3;3;1;180;0,05;Broker;4
59;0;1;3;3;3;1;180;0,05;Broker;6
47;0;1;3;3;3;1;149,5236824;0,05;Broker;7
53;0;4;3;3;3;1;177,8853913;0,05;Broker;8
60;0;4;3;3;3;1;180;0,05;Broker;9
55;0;4;3;3;3;1;175,7081605;0,05;Broker;11
41;0;1;3;3;3;1;135,406226;0,05;Broker;12
54;0;1;3;3;3;1;163,7724453;0,05;Broker;13
51;0;4;3;3;3;1;158,7417886;0,05;Broker;15
54;0;4;3;3;3;1;168,1594142;0,05;Broker;19
43;0;4;3;3;3;1;127,3079488;0,05;Broker;21
42;0;4;3;3;3;1;126,3136201;0,05;Broker;22
46;0;4;3;3;3;1;139,2813997;0,05;Broker;23
46;0;4;3;3;3;1;148,9931287;0,05;Broker;24
62;0;1;3;3;3;1;180;0,05;Broker;27
45;0;4;3;3;3;0;149,241845;0,05;Broker;35
47;0;1;3;3;3;2;149,1924533;0,05;Broker;40
46;0;1;3;3;3;2;149,4369951;0,05;Broker;43
57;0;1;3;3;3;2;180;0,05;Broker;44
47;0;1;3;3;3;2;143,6121042;0,05;Broker;47
49;0;1;3;3;3;2;153,7942583;0,05;Broker;51
51;0;1;3;3;3;2;154,1555096;0,05;Broker;53
43;0;1;3;3;3;2;141,0642655;0,05;Broker;58
62;0;4;3;3;3;2;180;0,05;Broker;59
60;0;1;3;3;3;2;180;0,05;Broker;60
44;0;1;3;3;3;0;141,8184607;0,05;Broker;62
45;0;4;3;3;3;2;145,9293152;0,05;Broker;63
47;0;4;3;3;3;0;151,3336748;0,05;Broker;69
54;0;4;3;3;3;0;169,5463512;0,05;Broker;70
45;0;1;3;3;3;2;141,0501378;0,05;Broker;73
54;0;4;3;3;3;0;172,8221552;0,05;Broker;74
64;0;1;3;3;3;2;180;0,05;Broker;76
56;0;1;3;3;3;2;175,0556353;0,05;Broker;78
49;0;1;3;3;3;0;139,1696447;0,05;Broker;79
41;0;1;3;3;3;2;131,4421836;0,05;Broker;81
51;0;1;3;3;3;0;166,5491915;0,05;Broker;84
51;0;1;3;3;3;3;160,1366048;0,05;Broker;93
47;0;1;3;3;3;0;153,0676259;0,05;Broker;95
56;0;4;3;3;4;1;173,765939;0,05;Broker;97
45;0;4;3;3;4;1;141,374905;0,05;Broker;98
56;0;4;3;3;4;1;174,8380479;0,05;Broker;99
41;0;4;3;3;4;1;130,5556637;0,05;Broker;100
52;0;4;3;3;4;1;168,1961691;0,05;Broker;103
45;0;4;3;3;4;1;132,7937815;0,05;Broker;104
45;0;1;3;3;4;1;142,619354;0,05;Broker;105
47;0;4;3;3;4;1;142,6509452;0,05;Broker;106
46;0;1;3;3;4;1;144,2126916;0,05;Broker;108
61;0;4;3;3;4;1;180;0,05;Broker;109
46;0;1;3;3;4;1;154,6005496;0,05;Broker;110
44;0;1;3;3;4;2;134,0317244;0,05;Broker;119
49;0;4;3;3;4;2;151,6560832;0,05;Broker;120
45;0;1;3;3;4;2;138,7952426;0,05;Broker;122
45;0;1;3;3;4;2;148,4197588;0,05;Broker;123
41;0;4;3;3;4;2;125,9517628;0,05;Broker;124
42;0;1;3;3;4;2;129,4848905;0,05;Broker;125
44;0;4;3;3;4;0;136,5568785;0,05;Broker;128
63;0;1;3;3;4;2;180;0,05;Broker;129
44;0;1;3;3;4;2;129,4517218;0,05;Broker;130
54;0;1;3;3;4;2;168,708382;0,05;Broker;133
44;0;4;3;3;4;2;136,8604564;0,05;Broker;134
55;0;4;3;3;4;2;163,6663577;0,05;Broker;139
56;0;1;3;3;4;3;171,164115;0,05;Broker;141
50;0;4;3;3;4;2;158,107971;0,05;Broker;143
62;0;1;3;2;3;1;180;0,05;Broker;146
55;0;1;3;2;3;1;168,7625529;0,05;Broker;150
49;0;1;3;2;3;2;158,1594093;0,05;Broker;153
45;0;4;3;2;3;2;143,6108989;0,05;Broker;154
41;0;1;3;1;1;1;125,6845358;0,05;Broker;156
43;0;4;3;4;4;1;135,2002612;0,05;Broker;159
61;0;4;3;4;4;1;180;0,05;Broker;162
48;0;4;3;1;2;1;150,0606588;0,05;Broker;164
49;0;4;3;1;1;1;152,8667502;0,05;Broker;167
45;0;1;3;4;4;1;142,9673335;0,05;Broker;169
55;0;1;3;4;4;1;176,6202776;0,05;Broker;172
56;0;4;3;1;1;1;178,0458586;0,05;Broker;173
57;0;1;3;1;2;1;177,4671418;0,05;Broker;180
51;0;4;3;1;2;1;159,4049677;0,05;Broker;182
41;0;4;3;2;2;1;131,3399485;0,05;Broker;184
51;0;1;3;1;2;1;160,9491836;0,05;Broker;185
63;0;4;3;1;2;1;180;0,05;Broker;186
51;0;1;3;2;2;1;156,6587187;0,05;Broker;190
63;0;4;3;1;2;1;180;0,05;Broker;191
53;0;1;3;4;4;1;165,352925;0,05;Broker;194
49;0;4;3;1;2;1;155,2260651;0,05;Broker;195
45;0;4;3;4;4;1;139,8984144;0,05;Broker;198
57;0;1;3;1;2;1;180;0,05;Broker;200
51;0;4;3;1;1;1;161,2644043;0,05;Broker;202
58;0;1;3;4;4;1;170,0680652;0,05;Broker;204
41;0;4;3;1;1;1;119,2055763;0,05;Broker;205
47;0;1;3;4;4;1;146,2326493;0,05;Broker;208
58;0;1;3;1;1;1;180;0,05;Broker;209
48;0;1;3;1;1;1;147,9756525;0,05;Broker;211
41;0;1;3;2;2;1;126,3127149;0,05;Broker;212
56;0;1;3;1;2;1;170,3521202;0,05;Broker;213
64;0;4;3;1;1;1;180;0,05;Broker;215
50;0;1;3;1;1;2;144,4251277;0,05;Broker;219
45;0;4;3;2;2;0;139,8638567;0,05;Broker;221
59;0;1;3;1;1;2;180;0,05;Broker;222
45;0;1;3;4;4;2;145,4068267;0,05;Broker;223
55;0;1;3;2;2;0;169,5200772;0,05;Broker;224
58;0;1;3;1;1;0;177,2088904;0,05;Broker;225
44;0;4;3;1;1;2;137,6073753;0,05;Broker;227
44;0;4;3;1;1;2;145,3035599;0,05;Broker;229
42;0;1;3;4;4;0;137,0735659;0,05;Broker;230
45;0;4;3;1;1;2;134,8297426;0,05;Broker;231
44;0;4;3;4;4;2;143,011603;0,05;Broker;234
51;0;4;3;1;1;0;153,1935757;0,05;Broker;237
54;0;1;3;4;4;0;164,9830065;0,05;Broker;240
45;0;1;3;1;1;0;132,3567877;0,05;Broker;243
42;0;4;3;1;2;2;132,7044825;0,05;Broker;244
64;0;1;3;1;1;2;180;0,05;Broker;245
44;0;4;3;4;4;0;146,0973787;0,05;Broker;246
48;0;1;3;1;2;0;149,09661;0,05;Broker;248
53;0;1;3;1;1;2;162,9307;0,05;Broker;250
46;0;1;3;1;2;2;149,6500555;0,05;Broker;255
44;0;1;3;1;1;2;147,8112201;0,05;Broker;256
50;0;4;3;1;1;2;164,6253946;0,05;Broker;258
51;0;4;3;4;4;2;162,6179828;0,05;Broker;259
50;0;4;3;1;1;2;158,2132392;0,05;Broker;262
44;0;4;3;4;4;2;138,8764315;0,05;Broker;263
41;0;4;3;4;4;2;127,6371691;0,05;Broker;265
50;0;1;3;1;1;2;160,7125512;0,05;Broker;267
41;0;4;3;1;2;2;133,9742306;0,05;Broker;270
59;0;1;3;2;2;2;179,8102459;0,05;Broker;271
54;0;4;3;1;2;2;178,5666377;0,05;Broker;274
61;0;1;3;4;4;2;180;0,05;Broker;277
47;0;4;3;1;1;0;144,2245468;0,05;Broker;280
60;0;1;3;1;2;2;180;0,05;Broker;281
58;0;4;3;1;2;2;177,3135392;0,05;Broker;284
44;0;4;3;2;2;2;133,8256847;0,05;Broker;285
51;0;1;3;1;1;0;149,7569703;0,05;Broker;287
44;0;4;3;1;1;3;142,0728041;0,05;Broker;290
43;0;4;3;1;1;2;136,4281851;0,05;Broker;293
41;0;4;3;1;1;0;130,0085562;0,05;Broker;294
45;0;1;3;1;1;0;142,6822085;0,05;Broker;295
44;0;4;3;4;4;2;139,6867034;0,05;Broker;296
42;0;1;3;4;4;2;128,808635;0,05;Broker;300
52;0;4;3;1;2;2;157,9949295;0,05;Broker;301
44;0;1;3;1;1;0;136,28707;0,05;Broker;304
52;0;1;3;1;1;2;158,4998187;0,05;Broker;307
60;0;4;3;4;4;0;180;0,05;Broker;312
41;0;1;3;4;4;2;125,4588057;0,05;Broker;317
56;0;1;4;3;3;1;178,4353689;0,05;Broker;322
53;0;4;4;3;3;1;160,5387343;0,05;Broker;328
46;0;4;4;3;3;1;146,5201114;0,05;Broker;329
64;0;4;4;3;3;1;180;0,05;Broker;330
43;0;4;4;3;3;1;145,9568565;0,05;Broker;331
62;0;4;4;3;3;1;180;0,05;Broker;332
42;0;4;4;3;3;1;137,6255043;0,05;Broker;333
52;0;1;4;3;3;1;157,0510295;0,05;Broker;337
42;0;4;4;3;3;1;130,6990902;0,05;Broker;340
43;0;1;4;3;3;1;140,3083529;0,05;Broker;341
47;0;4;4;3;3;1;149,3479872;0,05;Broker;343
48;0;1;4;3;3;1;144,8298591;0,05;Broker;344
63;0;4;4;3;3;1;180;0,05;Broker;348
47;0;1;4;3;3;1;154,0018003;0,05;Broker;349
59;0;1;4;3;3;1;175,9162476;0,05;Broker;351
50;0;4;4;3;3;1;147,3170888;0,05;Broker;354
50;0;4;4;3;3;2;156,7446103;0,05;Broker;356
53;0;4;4;3;3;2;167,7853302;0,05;Broker;358
44;0;1;4;3;3;0;130,6246757;0,05;Broker;363
47;0;4;4;3;3;0;141,3477468;0,05;Broker;365
50;0;1;4;3;3;0;152,7609917;0,05;Broker;371
54;0;4;4;3;3;2;168,6524954;0,05;Broker;376
48;0;4;4;3;3;2;145,595126;0,05;Broker;377
55;0;1;4;3;3;2;171,8730727;0,05;Broker;380
54;0;1;4;3;3;2;173,5970849;0,05;Broker;385
47;0;4;4;3;3;2;148,3216778;0,05;Broker;388
44;0;4;4;3;3;0;138,2111291;0,05;Broker;392
61;0;4;4;3;3;2;180;0,05;Broker;396
49;0;1;4;3;3;3;161,025128;0,05;Broker;400
46;0;4;4;3;3;2;147,8722359;0,05;Broker;401
45;0;1;4;3;3;2;142,035855;0,05;Broker;402
59;0;1;4;3;3;3;178,3604884;0,05;Broker;406
55;0;4;4;3;3;2;164,1396841;0,05;Broker;407
41;0;4;4;3;3;0;131,4473804;0,05;Broker;409
46;0;1;4;3;3;0;143,5774518;0,05;Broker;410
43;0;4;4;3;3;2;130,5559835;0,05;Broker;412
47;0;1;4;3;3;2;151,1187836;0,05;Broker;414
50;0;4;4;3;3;2;161,7788191;0,05;Broker;416
57;0;4;4;3;3;0;180;0,05;Broker;417
62;0;4;4;3;3;2;180;0,05;Broker;420
45;0;4;4;3;3;2;142,0537219;0,05;Broker;423
46;0;1;4;3;4;1;145,4757796;0,05;Broker;428
42;0;1;4;3;4;1;126,5214465;0,05;Broker;430
42;0;4;4;3;4;1;132,1006869;0,05;Broker;432
43;0;1;4;3;4;1;133,2739146;0,05;Broker;434
48;0;4;4;3;4;2;151,5154796;0,05;Broker;444
59;0;4;4;3;4;2;180;0,05;Broker;446
63;0;4;4;3;4;2;180;0,05;Broker;447
47;0;4;4;3;4;2;148,1420174;0,05;Broker;449
56;0;1;4;3;4;0;172,5666869;0,05;Broker;453
61;0;1;4;3;4;2;180;0,05;Broker;455
49;0;4;4;3;4;2;150,9445836;0,05;Broker;457
46;0;4;4;3;4;0;137,3204937;0,05;Broker;459
60;0;1;4;3;4;0;180;0,05;Broker;461
52;0;1;4;3;4;2;163,6728255;0,05;Broker;463
47;0;4;4;3;4;3;146,1415975;0,05;Broker;464
47;0;1;4;3;4;2;150,2122692;0,05;Broker;466
43;0;1;4;3;4;0;132,6084419;0,05;Broker;468
49;0;1;4;3;4;2;147,8297004;0,05;Broker;469
65;0;4;4;3;4;2;180;0,05;Broker;471
45;0;4;4;3;4;2;143,4162973;0,05;Broker;472
45;0;4;4;3;4;0;161,7120786;0,05;Broker;473
57;0;3;2;3;3;1;171,8640735;0,05;Broker;478
41;0;3;2;3;3;1;127,7955662;0,05;Broker;483
41;0;3;1;3;3;1;124,4673714;0,05;Broker;484
43;0;3;2;3;3;1;135,5697461;0,05;Broker;485
46;0;3;1;3;3;1;142,5374629;0,05;Broker;486
41;0;3;2;3;3;1;128,8715699;0,05;Broker;495
43;0;3;2;3;3;1;138,6277709;0,05;Broker;497
65;0;3;1;3;3;1;180;0,05;Broker;502
55;0;3;1;3;3;1;163,1174201;0,05;Broker;503
64;0;3;1;3;3;1;180;0,05;Broker;504
64;0;3;2;3;3;1;180;0,05;Broker;505
41;0;3;1;3;3;1;129,226355;0,05;Broker;506
64;0;3;2;3;3;1;180;0,05;Broker;507
49;0;3;2;3;3;1;151,086064;0,05;Broker;508
42;0;3;1;3;3;0;133,3958321;0,05;Broker;518
55;0;3;1;3;3;2;179,9710557;0,05;Broker;520
44;0;3;1;3;3;2;138,8003207;0,05;Broker;521
55;0;3;2;3;3;2;172,1565368;0,05;Broker;522
45;0;3;1;3;3;2;143,8302604;0,05;Broker;527
49;0;3;2;3;3;2;150,674042;0,05;Broker;531
47;0;3;1;3;3;2;150,7788006;0,05;Broker;533
48;0;3;1;3;3;2;146,6986524;0,05;Broker;536
57;0;3;2;3;3;2;171,6956212;0,05;Broker;537
42;0;3;2;3;3;2;126,4817501;0,05;Broker;542
42;0;3;1;3;3;3;143,7891752;0,05;Broker;543
47;0;3;1;3;3;2;142,9222171;0,05;Broker;545
45;0;3;1;3;3;2;141,1744031;0,05;Broker;547
45;0;3;2;3;3;0;142,1923058;0,05;Broker;549
43;0;3;2;3;3;2;140,3955998;0,05;Broker;551
46;0;3;1;3;3;2;148,810359;0,05;Broker;553
54;0;3;2;3;3;2;171,7450376;0,05;Broker;556
46;0;3;2;3;3;2;149,5935317;0,05;Broker;560
50;0;3;1;3;3;3;154,861549;0,05;Broker;561
49;0;3;3;3;3;1;152,3525117;0,05;Broker;571
42;0;3;3;3;3;1;130,9650273;0,05;Broker;573
52;0;3;3;3;3;1;157,1189707;0,05;Broker;577
41;0;3;3;3;3;1;131,3240533;0,05;Broker;578
54;0;3;3;3;3;1;163,1599067;0,05;Broker;582
42;0;3;3;3;3;1;140,4345781;0,05;Broker;585
64;0;3;3;3;3;2;180;0,05;Broker;588
58;0;3;3;3;3;0;178,0523946;0,05;Broker;589
48;0;3;3;3;3;2;149,4645901;0,05;Broker;590
42;0;3;3;3;3;2;131,3709445;0,05;Broker;591
47;0;3;3;3;3;2;140,7687728;0,05;Broker;592
49;0;3;3;3;3;0;151,2536557;0,05;Broker;595
45;0;3;3;3;3;2;131,0433816;0,05;Broker;596
44;0;3;3;3;3;2;139,9912395;0,05;Broker;598
46;0;3;3;3;3;2;145,7243335;0,05;Broker;599
62;0;3;3;3;3;0;180;0,05;Broker;611
47;0;3;3;3;3;0;154,7614373;0,05;Broker;613
58;0;3;3;3;3;2;171,2169444;0,05;Broker;616
41;0;3;3;3;3;2;126,0387573;0,05;Broker;618
44;0;3;3;3;4;1;129,0805443;0,05;Broker;622
45;0;3;3;3;4;1;145,2526301;0,05;Broker;625
65;0;3;3;3;4;0;180;0,05;Broker;627
59;0;3;3;3;4;0;180;0,05;Broker;633
65;0;3;3;3;4;2;180;0,05;Broker;634
58;0;3;3;3;4;2;180;0,05;Broker;636
45;0;3;3;3;4;2;145,8866094;0,05;Broker;640
52;0;3;3;3;4;0;165,1242106;0,05;Broker;642
62;0;3;3;3;4;2;180;0,05;Broker;643
62;0;3;3;3;4;0;180;0,05;Broker;644
52;0;3;3;3;4;2;160,0318035;0,05;Broker;645
42;0;3;3;2;3;1;129,1662244;0,05;Broker;649
49;0;3;3;1;1;1;148,2307173;0,05;Broker;656
63;0;3;3;1;2;1;180;0,05;Broker;657
52;0;3;3;1;2;1;159,1395868;0,05;Broker;666
48;0;3;3;4;4;1;152,829294;0,05;Broker;671
54;0;3;3;1;2;1;165,1228355;0,05;Broker;672
46;0;3;3;1;2;1;144,5831846;0,05;Broker;675
41;0;3;3;2;2;2;141,7474349;0,05;Broker;684
48;0;3;3;1;1;2;151,9789657;0,05;Broker;687
58;0;3;3;4;4;2;180;0,05;Broker;691
61;0;3;3;1;2;2;180;0,05;Broker;693
48;0;3;3;4;4;0;147,2823847;0,05;Broker;694
49;0;3;3;1;2;0;159,5406975;0,05;Broker;700
44;0;3;3;4;4;0;140,2049945;0,05;Broker;702
42;0;3;3;2;2;2;124,0486421;0,05;Broker;709
58;0;3;3;4;4;0;180;0,05;Broker;710
50;0;3;3;2;2;0;160,1441278;0,05;Broker;712
45;0;3;3;4;4;2;150,2744239;0,05;Broker;714
43;0;3;3;4;4;2;140,1290281;0,05;Broker;717
49;0;3;3;2;2;2;158,0632063;0,05;Broker;718
52;0;3;3;1;1;2;170,3217946;0,05;Broker;719
42;0;3;3;2;2;2;135,2234777;0,05;Broker;720
46;0;3;3;1;1;2;139,9588492;0,05;Broker;721
54;0;3;3;1;2;2;160,3234373;0,05;Broker;724
49;0;3;3;1;2;0;155,3067289;0,05;Broker;727
56;0;3;3;1;2;0;171,8962189;0,05;Broker;729
50;0;3;3;1;2;2;163,7056407;0,05;Broker;734
54;0;3;3;2;2;0;170,3653299;0,05;Broker;736
43;0;3;3;1;1;3;129,727684;0,05;Broker;737
53;0;3;3;4;4;0;166,9007031;0,05;Broker;738
62;0;3;3;1;1;0;180;0,05;Broker;740
44;0;3;3;4;4;0;142,6902248;0,05;Broker;742
50;0;3;4;3;3;1;159,7023125;0,05;Broker;747
60;0;3;4;3;3;1;180;0,05;Broker;750
45;0;3;4;3;3;1;132,9561186;0,05;Broker;751
58;0;3;4;3;3;1;179,7924352;0,05;Broker;753
49;0;3;4;3;3;1;160,244795;0,05;Broker;755
52;0;3;4;3;3;1;163,508049;0,05;Broker;757
59;0;3;4;3;3;2;180;0,05;Broker;762
60;0;3;4;3;3;2;180;0,05;Broker;768
62;0;3;4;3;3;2;180;0,05;Broker;773
51;0;3;4;3;3;0;152,5495239;0,05;Broker;776
56;0;3;4;3;3;2;170,1933962;0,05;Broker;778
49;0;3;4;3;3;2;154,4978504;0,05;Broker;779
41;0;3;4;3;3;2;123,917502;0,05;Broker;781
54;0;3;4;3;3;2;162,5206927;0,05;Broker;782
46;0;3;4;3;3;2;145,2634462;0,05;Broker;786
54;0;3;4;3;4;1;173,9423718;0,05;Broker;791
57;0;3;4;3;4;2;171,2642534;0,05;Broker;792
49;0;3;4;3;4;2;157,7599065;0,05;Broker;794
54;0;3;4;3;4;2;177,1110987;0,05;Broker;797
58;0;3;4;3;4;2;180;0,05;Broker;799
50;0;3;4;3;4;2;165,7915477;0,05;Broker;801
46;0;3;4;3;4;2;140,8950495;0,05;Broker;803
48;0;3;4;3;4;3;151,6285828;0,05;Broker;805
46;0;3;4;3;4;0;147,7997549;0,05;Broker;806
44;0;3;4;3;4;2;138,7589271;0,05;Broker;807
44;0;3;4;3;4;0;136,3688712;0,05;Broker;810
61;0;3;4;2;3;1;180;0,05;Broker;812
51;0;3;4;2;3;1;165,2727943;0,05;Broker;813
50;0;3;4;2;3;0;146,4208092;0,05;Broker;816
46;0;3;4;2;3;2;142,8071749;0,05;Broker;817
53;0;3;4;2;3;2;158,3021326;0,05;Broker;820
54;0;3;4;1;2;1;172,7738423;0,05;Broker;826
49;0;3;4;1;1;1;158,8515486;0,05;Broker;831
50;0;3;4;2;2;1;153,3537183;0,05;Broker;832
49;0;3;4;1;1;1;154,1848184;0,05;Broker;833
48;0;3;4;1;1;1;148,1239971;0,05;Broker;836
51;0;3;4;1;1;1;159,0197496;0,05;Broker;837
57;0;3;4;2;2;1;178,2906789;0,05;Broker;838
44;0;3;4;1;2;1;129,7000677;0,05;Broker;840
52;0;3;4;1;2;1;173,2318079;0,05;Broker;843
45;0;3;4;1;1;1;144,110378;0,05;Broker;849
61;0;3;4;1;1;1;180;0,05;Broker;850
61;0;3;4;1;2;1;180;0,05;Broker;851
41;0;3;4;4;4;1;127,813788;0,05;Broker;855
47;0;3;4;1;1;1;149,3950835;0,05;Broker;857
44;0;3;4;2;2;1;145,9088475;0,05;Broker;858
45;0;3;4;2;2;2;144,2811212;0,05;Broker;861
56;0;3;4;4;4;2;180;0,05;Broker;866
43;0;3;4;2;2;2;136,49665;0,05;Broker;867
58;0;3;4;4;4;2;177,1453124;0,05;Broker;869
43;0;3;4;1;1;2;132,3392181;0,05;Broker;871
58;0;3;4;1;1;0;180;0,05;Broker;877
53;0;3;4;1;2;2;163,5616434;0,05;Broker;881
56;0;3;4;1;2;0;172,5384315;0,05;Broker;882
52;0;3;4;4;4;2;153,5737646;0,05;Broker;892
49;0;3;4;4;4;0;154,0133043;0,05;Broker;893
52;0;3;4;4;4;2;158,931347;0,05;Broker;896
45;0;3;4;4;4;0;136,7352119;0,05;Broker;897
49;0;3;4;1;1;0;148,5114783;0,05;Broker;899
55;0;3;4;2;2;2;171,6803628;0,05;Broker;901
63;0;3;4;1;2;0;180;0,05;Broker;903
54;0;3;4;1;1;2;175,8378481;0,05;Broker;904
49;0;3;4;1;1;0;165,4647469;0,05;Broker;911
44;0;3;4;1;1;2;133,0146879;0,05;Broker;912
42;0;3;4;1;1;2;130,2930391;0,05;Broker;913
54;0;3;4;1;1;2;174,2555636;0,05;Broker;914
44;0;3;4;1;1;2;140,4283759;0,05;Broker;915
55;0;3;4;1;2;2;176,0284923;0,05;Broker;916
42;0;3;4;1;2;2;126,7208166;0,05;Broker;917
43;0;2;1;3;3;1;135,066688;0,05;Broker;923
41;0;2;2;3;3;1;125,8917497;0,05;Broker;927
43;0;2;1;3;3;1;132,2772285;0,05;Broker;928
52;0;2;2;3;3;1;162,5541347;0,05;Broker;929
45;0;2;2;3;3;1;146,909192;0,05;Broker;931
49;0;2;2;3;3;1;151,4371748;0,05;Broker;936
45;0;2;1;3;3;1;142,0066274;0,05;Broker;939
41;0;2;1;3;3;1;131,1574723;0,05;Broker;941
49;0;2;2;3;3;1;157,6526495;0,05;Broker;942
52;0;2;1;3;3;1;159,3535256;0,05;Broker;945
63;0;2;1;3;3;1;180;0,05;Broker;947
60;0;2;2;3;3;1;180;0,05;Broker;948
60;0;2;2;3;3;1;180;0,05;Broker;949
48;0;2;2;3;3;1;152,9854113;0,05;Broker;951
46;0;2;1;3;3;1;142,9704613;0,05;Broker;955
43;0;2;2;3;3;1;128,2120356;0,05;Broker;957
50;0;2;2;3;3;1;160,0937533;0,05;Broker;960
55;0;2;2;3;3;1;178,5709758;0,05;Broker;961
46;0;2;1;3;3;1;151,458448;0,05;Broker;962
46;0;2;2;3;3;2;147,3015967;0,05;Broker;964
62;0;2;2;3;3;2;180;0,05;Broker;965
43;0;2;1;3;3;0;136,5252161;0,05;Broker;966
57;0;2;1;3;3;0;175,0400186;0,05;Broker;968
62;0;2;1;3;3;0;180;0,05;Broker;969
65;0;2;2;3;3;0;180;0,05;Broker;970
55;0;2;1;3;3;2;170,6377692;0,05;Broker;971
44;0;2;1;3;3;0;141,3566902;0,05;Broker;977
47;0;2;1;3;3;2;151,7690161;0,05;Broker;978
52;0;2;1;3;3;2;161,351746;0,05;Broker;980
43;0;2;1;3;3;2;131,2446753;0,05;Broker;983
50;0;2;1;3;3;0;152,5583698;0,05;Broker;987
48;0;2;1;3;3;2;156,1276653;0,05;Broker;988
47;0;2;2;3;3;0;143,0114796;0,05;Broker;989
62;0;2;1;3;3;2;180;0,05;Broker;990
49;0;2;2;3;3;2;157,8670958;0,05;Broker;991
43;0;2;1;3;3;2;136,803432;0,05;Broker;992
59;0;2;2;3;3;2;180;0,05;Broker;993
58;0;2;1;3;3;2;174,6721394;0,05;Broker;994
43;0;2;1;3;3;0;141,9967395;0,05;Broker;995
48;0;2;2;3;3;2;143,881785;0,05;Broker;996
61;0;2;1;3;3;0;180;0,05;Broker;1000
55;0;2;2;3;3;2;170,3209837;0,05;Broker;1002
58;0;2;2;3;3;2;174,0285679;0,05;Broker;1003
43;0;2;1;3;3;2;135,4525641;0,05;Broker;1004
65;0;2;2;3;3;2;180;0,05;Broker;1005
56;0;2;1;3;3;2;174,5395416;0,05;Broker;1007
49;0;2;1;3;3;2;149,5585998;0,05;Broker;1010
43;0;2;1;3;3;2;130,4193356;0,05;Broker;1011
61;0;2;2;3;3;3;180;0,05;Broker;1012
45;0;2;2;3;3;2;143,7458938;0,05;Broker;1014
55;0;2;1;3;3;2;166,562139;0,05;Broker;1017
64;0;2;1;3;4;1;180;0,05;Broker;1018
50;0;2;1;3;4;1;152,8700384;0,05;Broker;1020
47;0;2;1;3;4;1;142,9092272;0,05;Broker;1023
44;0;2;1;3;4;1;131,6910633;0,05;Broker;1025
50;0;2;1;3;4;1;155,3561876;0,05;Broker;1030
48;0;2;1;3;4;1;148,3422411;0,05;Broker;1031
54;0;2;1;3;4;2;180;0,05;Broker;1037
55;0;2;1;3;4;2;161,2297986;0,05;Broker;1041
54;0;2;1;3;4;0;167,9770213;0,05;Broker;1043
46;0;2;1;3;4;0;147,3881794;0,05;Broker;1045
52;0;2;1;3;4;0;169,7752946;0,05;Broker;1046
49;0;2;1;3;4;0;155,2291489;0,05;Broker;1048
54;0;2;2;3;4;2;173,2498537;0,05;Broker;1049
57;0;2;2;3;4;2;172,3203373;0,05;Broker;1053
52;0;2;1;3;4;0;158,7145974;0,05;Broker;1054
42;0;2;1;3;4;0;137,2870445;0,05;Broker;1057
43;0;2;3;3;3;1;135,3327087;0,05;Broker;1064
55;0;2;3;3;3;1;169,3378975;0,05;Broker;1065
59;0;2;3;3;3;1;175,7212975;0,05;Broker;1068
56;0;2;3;3;3;1;171,2326443;0,05;Broker;1069
62;0;2;3;3;3;2;180;0,05;Broker;1071
50;0;2;3;3;3;0;151,5437975;0,05;Broker;1073
65;0;2;3;3;3;0;180;0,05;Broker;1076
46;0;2;3;3;3;2;138,7674126;0,05;Broker;1077
55;0;2;3;3;3;2;178,6421637;0,05;Broker;1078
52;0;2;3;3;3;2;162,2079654;0,05;Broker;1080
49;0;2;3;3;3;2;143,9090601;0,05;Broker;1082
47;0;2;3;3;3;2;135,8587784;0,05;Broker;1087
50;0;2;3;3;3;2;154,6723274;0,05;Broker;1088
54;0;2;3;3;3;0;164,8443627;0,05;Broker;1091
61;0;2;3;3;3;2;180;0,05;Broker;1092
48;0;2;3;3;3;3;149,7942641;0,05;Broker;1097
49;0;2;3;3;4;1;153,6608463;0,05;Broker;1104
45;0;2;3;3;4;1;140,2568172;0,05;Broker;1105
48;0;2;3;3;4;2;160,1312853;0,05;Broker;1112
52;0;2;3;3;4;2;158,5980783;0,05;Broker;1116
49;0;2;3;3;4;0;160,2378322;0,05;Broker;1117
49;0;2;3;3;4;2;150,5470832;0,05;Broker;1118
56;0;2;3;3;4;2;176,6195469;0,05;Broker;1119
48;0;2;3;3;4;2;140,2147138;0,05;Broker;1120
46;0;2;3;3;4;0;139,7797328;0,05;Broker;1123
42;0;2;3;2;3;2;130,6563155;0,05;Broker;1131
64;0;2;3;2;3;2;180;0,05;Broker;1132
57;0;2;3;1;2;1;178,3151989;0,05;Broker;1135
52;0;2;3;1;2;1;168,2757819;0,05;Broker;1136
60;0;2;3;4;4;1;180;0,05;Broker;1137
44;0;2;3;1;2;1;134,0138816;0,05;Broker;1141
48;0;2;3;1;1;1;151,0686589;0,05;Broker;1142
44;0;2;3;2;2;1;140,0468963;0,05;Broker;1145
60;0;2;3;4;4;1;179,8120872;0,05;Broker;1147
53;0;2;3;4;4;1;170,555042;0,05;Broker;1148
53;0;2;3;1;1;1;170,3343755;0,05;Broker;1153
46;0;2;3;2;2;1;141,3652851;0,05;Broker;1154
63;0;2;3;4;4;1;180;0,05;Broker;1158
53;0;2;3;1;2;1;161,7757161;0,05;Broker;1160
45;0;2;3;1;1;1;146,8941026;0,05;Broker;1161
41;0;2;3;1;2;1;125,2016049;0,05;Broker;1164
58;0;2;3;1;1;2;180;0,05;Broker;1166
58;0;2;3;1;1;2;177,0712806;0,05;Broker;1170
41;0;2;3;1;1;0;125,0691703;0,05;Broker;1173
49;0;2;3;1;2;2;156,7119307;0,05;Broker;1177
49;0;2;3;1;1;2;145,3408779;0,05;Broker;1181
55;0;2;3;4;4;2;168,8285728;0,05;Broker;1182
60;0;2;3;1;1;2;180;0,05;Broker;1183
53;0;2;3;1;1;2;167,1995862;0,05;Broker;1185
49;0;2;3;1;2;2;156,5023781;0,05;Broker;1186
42;0;2;3;1;1;0;133,733698;0,05;Broker;1190
48;0;2;3;1;1;2;151,0685208;0,05;Broker;1191
46;0;2;3;1;1;2;145,2271818;0,05;Broker;1195
60;0;2;3;1;1;2;180;0,05;Broker;1197
46;0;2;3;2;2;2;151,8724167;0,05;Broker;1200
53;0;2;3;4;4;0;164,2116412;0,05;Broker;1201
44;0;2;3;4;4;0;133,5969028;0,05;Broker;1203
48;0;2;3;1;1;0;142,6003664;0,05;Broker;1204
46;0;2;3;4;4;2;139,7789205;0,05;Broker;1207
42;0;2;3;1;2;2;118,9471588;0,05;Broker;1209
45;0;2;3;1;2;0;137,4645761;0,05;Broker;1214
44;0;2;3;1;2;2;139,5799769;0,05;Broker;1215
50;0;2;3;2;2;2;160,8313777;0,05;Broker;1221
55;0;2;3;2;2;2;172,454656;0,05;Broker;1223
42;0;2;3;1;1;0;136,0068988;0,05;Broker;1228
51;0;2;3;1;2;2;162,7446805;0,05;Broker;1229
42;0;2;3;1;1;2;122,604114;0,05;Broker;1230
62;0;2;3;1;1;2;180;0,05;Broker;1233
44;0;2;3;2;2;2;139,3949432;0,05;Broker;1235
45;0;2;3;1;2;2;145,0413906;0,05;Broker;1236
49;0;2;4;3;3;1;153,6714998;0,05;Broker;1238
56;0;2;4;3;3;1;169,8457567;0,05;Broker;1243
53;0;2;4;3;3;1;173,3205411;0,05;Broker;1250
49;0;2;4;3;3;2;147,0572897;0,05;Broker;1255
49;0;2;4;3;3;0;152,4270921;0,05;Broker;1260
49;0;2;4;3;3;3;152,656394;0,05;Broker;1266
48;0;2;4;3;3;0;147,6714734;0,05;Broker;1269
52;0;2;4;3;3;2;164,1617436;0,05;Broker;1272
51;0;2;4;3;3;2;157,4119909;0,05;Broker;1273
51;0;2;4;3;3;0;157,048398;0,05;Broker;1277
44;0;2;4;3;3;2;136,905;0,05;Broker;1278
47;0;2;4;3;3;2;144,650421;0,05;Broker;1280
44;0;2;4;3;4;1;136,7479363;0,05;Broker;1282
42;0;2;4;3;4;1;128,0588281;0,05;Broker;1283
44;0;2;4;3;4;1;135,7361713;0,05;Broker;1285
43;0;2;4;3;4;1;130,5125425;0,05;Broker;1286
48;0;2;4;3;4;1;147,5084863;0,05;Broker;1287
55;0;2;4;3;4;1;180;0,05;Broker;1289
52;0;2;4;3;4;1;170,726601;0,05;Broker;1290
46;0;2;4;3;4;1;141,6492474;0,05;Broker;1291
52;0;2;4;3;4;1;165,865821;0,05;Broker;1292
51;0;2;4;3;4;1;154,6797714;0,05;Broker;1294
43;0;2;4;3;4;2;134,0420478;0,05;Broker;1296
57;0;2;4;3;4;2;176,8010755;0,05;Broker;1298
41;0;2;4;3;4;2;127,8630186;0,05;Broker;1302
41;0;2;4;2;3;1;118,7471462;0,05;Broker;1309
52;0;2;4;2;3;1;161,5050703;0,05;Broker;1310
56;0;2;4;2;3;2;165,7406167;0,05;Broker;1312
52;0;2;4;1;1;1;161,4681173;0,05;Broker;1314
58;0;2;4;2;2;1;179,1493592;0,05;Broker;1320
60;0;2;4;1;1;1;180;0,05;Broker;1327
63;0;2;4;1;1;1;180;0,05;Broker;1332
42;0;2;4;2;2;1;137,272302;0,05;Broker;1334
41;0;2;4;4;4;1;129,0441558;0,05;Broker;1337
45;0;2;4;1;1;1;136,7788745;0,05;Broker;1340
47;0;2;4;1;2;1;148,1957556;0,05;Broker;1342
61;0;2;4;1;1;1;180;0,05;Broker;1345
62;0;2;4;4;4;1;180;0,05;Broker;1346
53;0;2;4;1;1;1;163,6733045;0,05;Broker;1347
42;0;2;4;2;2;2;121,325464;0,05;Broker;1349
59;0;2;4;4;4;2;180;0,05;Broker;1351
48;0;2;4;2;2;2;147,660875;0,05;Broker;1354
48;0;2;4;2;2;0;140,5183907;0,05;Broker;1355
64;0;2;4;1;1;0;180;0,05;Broker;1358
57;0;2;4;2;2;2;178,7639914;0,05;Broker;1359
53;0;2;4;4;4;2;162,7807376;0,05;Broker;1360
65;0;2;4;1;1;2;180;0,05;Broker;1366
43;0;2;4;4;4;0;132,6586977;0,05;Broker;1369
64;0;2;4;1;1;2;180;0,05;Broker;1370
53;0;2;4;1;1;0;167,4298614;0,05;Broker;1371
41;0;2;4;1;1;2;119,1505942;0,05;Broker;1373
60;0;2;4;1;2;0;180;0,05;Broker;1374
46;0;2;4;4;4;3;153,7485105;0,05;Broker;1376
41;0;2;4;4;4;0;130,1269422;0,05;Broker;1377
51;0;2;4;4;4;0;154,8600699;0,05;Broker;1379
42;0;2;4;1;1;2;135,8836303;0,05;Broker;1380
41;0;2;4;2;2;0;118,6930886;0,05;Broker;1381
54;0;2;4;1;1;2;169,4587113;0,05;Broker;1382
44;0;2;4;4;4;0;137,5398047;0,05;Broker;1384
60;0;2;4;4;4;2;180;0,05;Broker;1389
56;0;2;4;4;4;2;169,789093;0,05;Broker;1393
43;0;2;4;1;1;2;140,5308287;0,05;Broker;1396
49;0;2;4;1;2;0;155,5028464;0,05;Broker;1397
47;0;2;4;1;1;2;148,4222678;0,05;Broker;1400
43;0;2;4;1;2;2;135,0787812;0,05;Broker;1401
62;0;2;4;2;2;2;180;0,05;Broker;1402
48;0;2;4;1;1;2;144,6201889;0,05;Broker;1403
46;0;2;4;1;1;0;140,4039998;0,05;Broker;1404
52;0;2;4;1;2;3;159,1645618;0,05;Broker;1406
42;1;1;1;3;3;1;133,7743074;0,05;Broker;1407
48;1;1;2;3;3;1;149,5209465;0,05;Broker;1408
52;1;1;2;3;3;1;152,0453946;0,05;Broker;1409
43;1;1;1;3;3;1;137,4971126;0,05;Broker;1412
65;1;4;2;3;3;1;180;0,05;Broker;1414
55;1;4;1;3;3;1;172,1017399;0,05;Broker;1415
41;1;1;2;3;3;1;125,2032305;0,05;Broker;1416
58;1;1;2;3;3;1;180;0,05;Broker;1419
58;1;1;1;3;3;1;180;0,05;Broker;1420
48;1;4;2;3;3;1;150,9415389;0,05;Broker;1423
56;1;1;2;3;3;1;167,3995704;0,05;Broker;1429
54;1;1;2;3;3;1;171,4263112;0,05;Broker;1431
49;1;1;2;3;3;1;150,4367992;0,05;Broker;1433
64;1;1;1;3;3;1;180;0,05;Broker;1436
60;1;1;1;3;3;1;176,3110057;0,05;Broker;1437
41;1;1;1;3;3;1;116,4070746;0,05;Broker;1440
43;1;4;2;3;3;1;136,8683077;0,05;Broker;1442
57;1;4;1;3;3;1;180;0,05;Broker;1445
48;1;1;2;3;3;1;143,9658842;0,05;Broker;1447
57;1;4;1;3;3;1;180;0,05;Broker;1450
51;1;1;1;3;3;1;158,2529268;0,05;Broker;1453
62;1;4;2;3;3;1;180;0,05;Broker;1461
48;1;4;1;3;3;1;140,9926942;0,05;Broker;1463
61;1;1;2;3;3;1;180;0,05;Broker;1464
59;1;1;2;3;3;1;180;0,05;Broker;1466
48;1;1;1;3;3;1;153,0949534;0,05;Broker;1469
65;1;4;2;3;3;2;180;0,05;Broker;1472
45;1;4;1;3;3;3;142,3775144;0,05;Broker;1477
49;1;4;2;3;3;0;152,5324194;0,05;Broker;1483
47;1;1;1;3;3;2;159,9283429;0,05;Broker;1484
46;1;1;1;3;3;2;148,5481852;0,05;Broker;1485
52;1;4;1;3;3;2;156,0552266;0,05;Broker;1490
44;1;1;1;3;3;0;146,1365449;0,05;Broker;1491
50;1;4;1;3;3;2;147,6492817;0,05;Broker;1492
61;1;4;2;3;3;0;180;0,05;Broker;1495
48;1;4;1;3;3;0;142,3678525;0,05;Broker;1496
58;1;1;1;3;3;2;180;0,05;Broker;1497
48;1;4;1;3;3;2;146,7302122;0,05;Broker;1503
55;1;1;1;3;3;2;179,4295445;0,05;Broker;1506
59;1;4;1;3;3;2;180;0,05;Broker;1507
50;1;4;2;3;3;2;155,8523603;0,05;Broker;1508
47;1;1;2;3;3;2;148,3457142;0,05;Broker;1509
45;1;1;1;3;3;2;146,8378956;0,05;Broker;1511
58;1;1;2;3;3;2;180;0,05;Broker;1513
42;1;4;1;3;3;2;140,9128013;0,05;Broker;1514
44;1;1;1;3;3;0;134,4558149;0,05;Broker;1515
44;1;1;1;3;3;2;132,1363121;0,05;Broker;1517
53;1;1;1;3;3;3;148,2171415;0,05;Broker;1519
46;1;1;1;3;3;0;140,8547351;0,05;Broker;1522
48;1;1;1;3;3;0;150,1028172;0,05;Broker;1524
41;1;4;2;3;3;0;135,5217542;0,05;Broker;1525
63;1;1;1;3;3;2;180;0,05;Broker;1530
41;1;1;2;3;3;0;131,0224868;0,05;Broker;1532
48;1;4;2;3;3;0;152,952129;0,05;Broker;1533
44;1;1;2;3;3;0;143,4976985;0,05;Broker;1538
45;1;4;2;3;3;2;150,902287;0,05;Broker;1543
61;1;1;1;3;3;0;180;0,05;Broker;1544
60;1;1;2;3;3;2;180;0,05;Broker;1545
51;1;4;2;3;3;0;162,3417606;0,05;Broker;1549
45;1;1;2;3;3;0;127,7947102;0,05;Broker;1552
46;1;1;2;3;3;3;142,2566302;0,05;Broker;1553
44;1;1;1;3;3;0;142,0801583;0,05;Broker;1554
47;1;1;1;3;3;2;142,1903313;0,05;Broker;1555
42;1;4;1;3;3;0;128,8258374;0,05;Broker;1559
61;1;4;2;3;3;2;180;0,05;Broker;1562
52;1;4;2;3;3;2;161,539349;0,05;Broker;1564
56;1;4;2;3;3;2;173,399288;0,05;Broker;1567
44;1;1;1;3;3;2;146,9062004;0,05;Broker;1573
49;1;4;2;3;3;2;157,667444;0,05;Broker;1575
55;1;1;2;3;3;3;170,452958;0,05;Broker;1577
64;1;1;2;3;3;0;180;0,05;Broker;1582
56;1;4;1;3;3;2;175,9477358;0,05;Broker;1583
46;1;4;2;3;3;2;140,9903255;0,05;Broker;1584
55;1;1;2;3;3;0;173,2881096;0,05;Broker;1585
48;1;1;1;3;3;2;152,1124628;0,05;Broker;1586
52;1;1;2;3;3;2;160,7701692;0,05;Broker;1590
59;1;4;2;3;3;2;180;0,05;Broker;1592
53;1;4;2;3;3;0;163,0999563;0,05;Broker;1594
57;1;4;1;3;3;0;178,785666;0,05;Broker;1598
59;1;4;2;3;3;2;180;0,05;Broker;1600
48;1;4;1;3;3;2;138,4418446;0,05;Broker;1603
53;1;4;2;3;4;1;170,6504658;0,05;Broker;1607
55;1;1;2;3;4;1;171,0587217;0,05;Broker;1610
51;1;1;1;3;4;1;158,304457;0,05;Broker;1613
55;1;1;1;3;4;1;171,9729331;0,05;Broker;1620
48;1;4;2;3;4;1;146,9391164;0,05;Broker;1621
62;1;4;1;3;4;1;180;0,05;Broker;1628
60;1;1;1;3;4;1;180;0,05;Broker;1629
48;1;4;1;3;4;1;146,4533205;0,05;Broker;1632
42;1;1;1;3;4;1;127,3841774;0,05;Broker;1637
60;1;1;1;3;4;1;180;0,05;Broker;1642
51;1;1;2;3;4;1;154,8247937;0,05;Broker;1645
59;1;1;2;3;4;2;180;0,05;Broker;1650
49;1;4;2;3;4;0;155,6882458;0,05;Broker;1663
56;1;1;2;3;4;2;168,0215926;0,05;Broker;1665
55;1;1;2;3;4;0;164,4550046;0,05;Broker;1669
53;1;1;2;3;4;2;161,050795;0,05;Broker;1670
44;1;4;2;3;4;2;129,7190184;0,05;Broker;1671
59;1;1;1;3;4;2;180;0,05;Broker;1674
51;1;1;2;3;4;2;150,9335461;0,05;Broker;1675
57;1;4;1;3;4;2;175,6980839;0,05;Broker;1679
54;1;1;1;3;4;0;174,1188216;0,05;Broker;1686
52;1;1;1;3;4;2;164,9049417;0,05;Broker;1689
48;1;1;1;3;4;2;145,5395541;0,05;Broker;1691
44;1;1;1;3;4;0;134,9132955;0,05;Broker;1692
45;1;4;1;3;4;2;133,2239828;0,05;Broker;1694
54;1;1;2;3;4;0;174,7709281;0,05;Broker;1695
54;1;4;2;3;4;0;162,3093288;0,05;Broker;1697
57;1;1;1;3;4;0;171,5852035;0,05;Broker;1701
49;1;4;1;3;4;2;152,5329075;0,05;Broker;1708
62;1;4;2;3;4;2;180;0,05;Broker;1711
52;1;4;2;2;3;1;165,3987286;0,05;Broker;1712
51;1;4;2;2;3;1;155,2287075;0,05;Broker;1713
42;1;1;2;2;3;1;123,5421778;0,05;Broker;1716
65;1;4;2;2;3;1;180;0,05;Broker;1717
42;1;4;2;2;3;1;125,6125123;0,05;Broker;1718
57;1;1;1;2;3;1;171,15454;0,05;Broker;1720
52;1;4;2;2;3;1;160,1675962;0,05;Broker;1721
55;1;1;2;2;3;1;172,063847;0,05;Broker;1722
43;1;1;2;2;3;1;138,0708;0,05;Broker;1723
51;1;1;2;2;3;0;166,9177008;0,05;Broker;1727
41;1;1;2;2;3;2;126,6001539;0,05;Broker;1728
50;1;4;2;2;3;2;158,4026724;0,05;Broker;1730
49;1;4;2;2;3;3;159,4927716;0,05;Broker;1733
51;1;4;1;2;3;2;165,6766549;0,05;Broker;1737
55;1;4;3;3;3;1;173,114975;0,05;Broker;1743
53;1;1;3;3;3;1;162,923231;0,05;Broker;1746
62;1;4;3;3;3;1;180;0,05;Broker;1747
47;1;1;3;3;3;1;150,7679455;0,05;Broker;1750
51;1;4;3;3;3;1;152,0787005;0,05;Broker;1751
56;1;1;3;3;3;1;167,1334051;0,05;Broker;1752
51;1;4;3;3;3;1;154,4292245;0,05;Broker;1756
56;1;4;3;3;3;1;170,6774256;0,05;Broker;1757
48;1;1;3;3;3;1;150,6970164;0,05;Broker;1761
43;1;1;3;3;3;1;131,1551178;0,05;Broker;1763
62;1;4;3;3;3;1;180;0,05;Broker;1764
61;1;4;3;3;3;1;180;0,05;Broker;1770
47;1;1;3;3;3;1;140,8897639;0,05;Broker;1772
53;1;4;3;3;3;1;164,868967;0,05;Broker;1778
46;1;4;3;3;3;1;155,8883545;0,05;Broker;1779
50;1;1;3;3;3;2;156,5547868;0,05;Broker;1782
49;1;4;3;3;3;2;155,3984879;0,05;Broker;1785
65;1;1;3;3;3;2;180;0,05;Broker;1786
49;1;4;3;3;3;0;165,5721916;0,05;Broker;1795
56;1;4;3;3;3;3;172,0560764;0,05;Broker;1796
49;1;4;3;3;3;0;157,2406019;0,05;Broker;1801
49;1;4;3;3;3;2;151,5847398;0,05;Broker;1802
54;1;1;3;3;3;2;172,3519998;0,05;Broker;1804
55;1;1;3;3;3;2;154,0518504;0,05;Broker;1806
45;1;1;3;3;3;0;139,6235195;0,05;Broker;1807
60;1;1;3;3;3;2;180;0,05;Broker;1814
55;1;1;3;3;3;0;165,5282741;0,05;Broker;1815
50;1;1;3;3;3;0;159,4346796;0,05;Broker;1819
56;1;1;3;3;3;3;176,9067384;0,05;Broker;1825
49;1;4;3;3;3;0;156,551532;0,05;Broker;1827
54;1;1;3;3;3;0;164,806077;0,05;Broker;1828
45;1;1;3;3;3;2;139,8491513;0,05;Broker;1829
48;1;4;3;3;3;0;151,549685;0,05;Broker;1831
57;1;4;3;3;3;2;180;0,05;Broker;1832
43;1;1;3;3;3;0;136,2784842;0,05;Broker;1833
50;1;4;3;3;3;2;154,4502542;0,05;Broker;1834
59;1;1;3;3;4;1;180;0,05;Broker;1837
45;1;1;3;3;4;1;143,172827;0,05;Broker;1840
43;1;1;3;3;4;1;133,7960441;0,05;Broker;1841
52;1;4;3;3;4;1;159,8105404;0,05;Broker;1843
43;1;1;3;3;4;1;140,0037396;0,05;Broker;1844
43;1;1;3;3;4;1;138,4892817;0,05;Broker;1845
44;1;1;3;3;4;1;140,7156271;0,05;Broker;1846
50;1;4;3;3;4;1;159,2522679;0,05;Broker;1847
64;1;4;3;3;4;1;180;0,05;Broker;1848
53;1;1;3;3;4;1;167,022998;0,05;Broker;1850
61;1;1;3;3;4;1;180;0,05;Broker;1851
51;1;4;3;3;4;1;165,6035582;0,05;Broker;1853
52;1;4;3;3;4;1;160,1709149;0,05;Broker;1855
44;1;4;3;3;4;0;139,9128659;0,05;Broker;1859
47;1;4;3;3;4;2;153,4336336;0,05;Broker;1861
52;1;4;3;3;4;0;164,5181308;0,05;Broker;1862
47;1;4;3;3;4;2;143,0248243;0,05;Broker;1866
43;1;4;3;3;4;0;131,4053216;0,05;Broker;1867
63;1;1;3;3;4;3;180;0,05;Broker;1868
55;1;4;3;3;4;2;162,5887767;0,05;Broker;1870
48;1;1;3;3;4;2;150,2474223;0,05;Broker;1871
50;1;1;3;3;4;2;158,0095048;0,05;Broker;1873
64;1;1;3;3;4;2;180;0,05;Broker;1881
42;1;1;3;2;3;2;136,3277784;0,05;Broker;1888
41;1;4;3;2;3;2;125,4646555;0,05;Broker;1889
45;1;1;3;2;3;0;142,3346577;0,05;Broker;1892
53;1;4;3;2;3;2;162,0468295;0,05;Broker;1897
52;1;1;3;1;1;1;160,0058728;0,05;Broker;1904
53;1;1;3;1;1;1;164,973229;0,05;Broker;1909
45;1;1;3;4;4;1;147,3998299;0,05;Broker;1910
41;1;4;3;1;1;1;136,5630442;0,05;Broker;1911
53;1;4;3;4;4;1;163,7275315;0,05;Broker;1913
41;1;1;3;2;2;1;126,8839946;0,05;Broker;1917
57;1;4;3;2;2;1;165,1209491;0,05;Broker;1918
49;1;1;3;2;2;1;154,9711681;0,05;Broker;1920
55;1;1;3;1;1;1;167,5913034;0,05;Broker;1921
53;1;4;3;4;4;1;165,4626349;0,05;Broker;1925
56;1;4;3;1;2;1;170,1043786;0,05;Broker;1927
53;1;1;3;1;1;1;172,8468527;0,05;Broker;1928
51;1;4;3;2;2;1;161,183481;0,05;Broker;1930
51;1;4;3;1;1;1;160,4754912;0,05;Broker;1931
48;1;4;3;1;1;1;153,5847679;0,05;Broker;1936
55;1;1;3;2;2;1;171,7472855;0,05;Broker;1938
41;1;4;3;4;4;1;126,6311391;0,05;Broker;1939
49;1;1;3;2;2;1;149,0113605;0,05;Broker;1943
58;1;1;3;1;2;1;180;0,05;Broker;1944
46;1;1;3;1;2;1;142,1376334;0,05;Broker;1945
56;1;1;3;1;2;1;171,5390848;0,05;Broker;1946
43;1;4;3;1;1;1;133,4648845;0,05;Broker;1947
43;1;1;3;1;1;1;133,3896566;0,05;Broker;1949
41;1;4;3;1;1;1;132,512143;0,05;Broker;1962
52;1;1;3;1;2;1;168,2798281;0,05;Broker;1964
47;1;4;3;1;2;1;144,3332607;0,05;Broker;1965
41;1;4;3;1;1;1;131,9695952;0,05;Broker;1967
57;1;4;3;1;1;1;179,9481798;0,05;Broker;1970
43;1;4;3;1;1;1;140,3999718;0,05;Broker;1973
58;1;4;3;1;1;1;171,4028715;0,05;Broker;1978
45;1;4;3;1;2;1;140,8124465;0,05;Broker;1979
56;1;4;3;4;4;3;175,1111891;0,05;Broker;1980
43;1;4;3;1;1;2;133,9939467;0,05;Broker;1983
56;1;4;3;1;1;3;180;0,05;Broker;1984
47;1;4;3;2;2;2;153,0602515;0,05;Broker;1985
45;1;4;3;1;2;2;142,4706664;0,05;Broker;1995
63;1;1;3;1;1;2;180;0,05;Broker;1996
59;1;1;3;1;1;2;180;0,05;Broker;1998
47;1;4;3;1;2;3;149,4501257;0,05;Broker;2001
56;1;1;3;1;2;2;166,617549;0,05;Broker;2002
47;1;1;3;1;2;2;147,2715006;0,05;Broker;2008
42;1;1;3;4;4;2;136,9526046;0,05;Broker;2009
63;1;1;3;1;1;2;180;0,05;Broker;2012
49;1;4;3;2;2;2;157,5249274;0,05;Broker;2014
48;1;4;3;4;4;0;154,1790949;0,05;Broker;2017
59;1;1;3;1;1;0;178,2992238;0,05;Broker;2019
65;1;1;3;2;2;2;180;0,05;Broker;2022
53;1;4;3;4;4;2;169,8367406;0,05;Broker;2023
43;1;4;3;2;2;2;134,1296826;0,05;Broker;2024
46;1;4;3;1;2;2;143,9248813;0,05;Broker;2025
60;1;4;3;1;1;2;180;0,05;Broker;2026
44;1;1;3;4;4;0;138,6022411;0,05;Broker;2027
46;1;4;3;1;1;2;145,3238467;0,05;Broker;2029
54;1;1;3;1;2;2;175,4044198;0,05;Broker;2030
51;1;1;3;1;1;2;165,1053527;0,05;Broker;2031
49;1;1;3;4;4;0;151,1546096;0,05;Broker;2037
58;1;4;3;1;1;2;177,1090893;0,05;Broker;2042
48;1;1;3;1;1;2;153,5641638;0,05;Broker;2044
47;1;1;3;1;1;0;143,5288752;0,05;Broker;2045
60;1;4;3;1;1;2;180;0,05;Broker;2046
53;1;1;3;1;1;2;168,8116023;0,05;Broker;2049
56;1;4;3;2;2;2;168,751026;0,05;Broker;2054
55;1;1;3;1;2;0;173,9056835;0,05;Broker;2059
47;1;1;3;4;4;2;148,1983079;0,05;Broker;2063
54;1;1;3;1;1;0;174,2155144;0,05;Broker;2074
44;1;1;3;4;4;0;127,6097015;0,05;Broker;2075
42;1;4;3;1;1;0;123,8542985;0,05;Broker;2080
53;1;1;3;2;2;3;158,5841771;0,05;Broker;2083
46;1;4;4;3;3;1;150,2409129;0,05;Broker;2089
44;1;4;4;3;3;1;135,2678772;0,05;Broker;2092
41;1;1;4;3;3;1;125,2458367;0,05;Broker;2099
62;1;1;4;3;3;1;180;0,05;Broker;2100
48;1;4;4;3;3;1;157,4474732;0,05;Broker;2102
43;1;1;4;3;3;1;136,9807133;0,05;Broker;2107
50;1;4;4;3;3;1;153,6193577;0,05;Broker;2108
62;1;4;4;3;3;1;180;0,05;Broker;2113
54;1;4;4;3;3;1;166,9852547;0,05;Broker;2114
61;1;4;4;3;3;1;180;0,05;Broker;2115
53;1;4;4;3;3;1;170,7807075;0,05;Broker;2117
52;1;1;4;3;3;1;170,2214566;0,05;Broker;2120
53;1;1;4;3;3;1;167,3472051;0,05;Broker;2121
55;1;1;4;3;3;0;173,3668267;0,05;Broker;2126
58;1;1;4;3;3;2;180;0,05;Broker;2128
47;1;4;4;3;3;2;147,3596874;0,05;Broker;2129
56;1;1;4;3;3;0;171,9859962;0,05;Broker;2134
54;1;4;4;3;3;2;162,1918866;0,05;Broker;2139
47;1;1;4;3;3;0;147,1323878;0,05;Broker;2141
47;1;4;4;3;3;0;150,3828802;0,05;Broker;2142
43;1;4;4;3;3;2;136,7823526;0,05;Broker;2145
42;1;4;4;3;3;0;123,8645132;0,05;Broker;2147
58;1;4;4;3;3;2;178,9063232;0,05;Broker;2152
46;1;4;4;3;3;2;131,2305501;0,05;Broker;2158
58;1;1;4;3;3;3;180;0,05;Broker;2159
50;1;1;4;3;3;2;154,7950214;0,05;Broker;2164
52;1;4;4;3;3;0;158,0893341;0,05;Broker;2167
44;1;4;4;3;3;0;135,0146179;0,05;Broker;2168
48;1;4;4;3;3;0;143,3724067;0,05;Broker;2171
45;1;4;4;3;4;1;141,4953064;0,05;Broker;2178
59;1;4;4;3;4;1;180;0,05;Broker;2179
50;1;4;4;3;4;1;163,5824517;0,05;Broker;2183
43;1;1;4;3;4;1;136,2530258;0,05;Broker;2184
43;1;1;4;3;4;1;133,8241304;0,05;Broker;2186
60;1;4;4;3;4;1;180;0,05;Broker;2188
60;1;4;4;3;4;1;180;0,05;Broker;2190
47;1;4;4;3;4;1;145,4713445;0,05;Broker;2191
45;1;4;4;3;4;1;147,9522399;0,05;Broker;2192
53;1;1;4;3;4;2;163,1965489;0,05;Broker;2197
59;1;1;4;3;4;0;180;0,05;Broker;2198
51;1;1;4;3;4;2;164,0978249;0,05;Broker;2200
46;1;4;4;3;4;2;141,8194093;0,05;Broker;2204
59;1;4;4;3;4;2;180;0,05;Broker;2206
60;1;4;4;3;4;0;178,0771235;0,05;Broker;2208
42;1;1;4;3;4;0;126,3894712;0,05;Broker;2209
63;1;1;4;3;4;2;180;0,05;Broker;2210
52;1;1;4;3;4;2;167,730741;0,05;Broker;2223
42;1;1;4;3;4;3;132,6375289;0,05;Broker;2228
50;1;4;4;3;4;2;156,0876096;0,05;Broker;2230
47;1;4;4;2;3;1;152,7465275;0,05;Broker;2231
51;1;1;4;2;3;1;155,4444903;0,05;Broker;2235
49;1;1;4;2;3;0;159,7350945;0,05;Broker;2238
58;1;4;4;2;3;2;173,6680379;0,05;Broker;2239
51;1;4;4;2;3;2;159,7500025;0,05;Broker;2240
51;1;1;4;2;3;0;150,5562875;0,05;Broker;2241
61;1;1;4;2;3;0;180;0,05;Broker;2243
44;1;1;4;2;3;2;131,5274347;0,05;Broker;2246
45;1;1;4;4;4;1;147,7925184;0,05;Broker;2247
44;1;1;4;1;1;1;138,8643095;0,05;Broker;2248
55;1;4;4;1;2;1;169,3715618;0,05;Broker;2251
48;1;4;4;2;2;1;145,744004;0,05;Broker;2259
55;1;4;4;1;1;1;167,351039;0,05;Broker;2261
46;1;4;4;2;2;1;137,8889307;0,05;Broker;2268
54;1;1;4;1;1;1;165,6894089;0,05;Broker;2271
49;1;1;4;1;1;1;152,9535645;0,05;Broker;2275
58;1;1;4;1;2;1;173,105695;0,05;Broker;2277
57;1;4;4;1;1;1;179,8104316;0,05;Broker;2282
58;1;4;4;1;1;1;175,9003065;0,05;Broker;2284
53;1;4;4;1;1;1;165,7347915;0,05;Broker;2285
51;1;4;4;1;1;1;159,3743778;0,05;Broker;2287
58;1;4;4;1;1;1;177,2787907;0,05;Broker;2290
57;1;4;4;4;4;1;180;0,05;Broker;2291
43;1;1;4;1;1;1;140,4230209;0,05;Broker;2292
58;1;4;4;1;1;1;175,3376713;0,05;Broker;2293
42;1;4;4;1;1;1;124,9117993;0,05;Broker;2297
46;1;4;4;4;4;1;140,7378124;0,05;Broker;2299
44;1;1;4;4;4;1;139,0276917;0,05;Broker;2300
43;1;1;4;1;1;1;139,0330441;0,05;Broker;2301
46;1;4;4;4;4;1;142,2492384;0,05;Broker;2304
41;1;4;4;1;2;1;131,5736239;0,05;Broker;2305
41;1;4;4;1;1;1;124,0580298;0,05;Broker;2309
51;1;1;4;1;1;1;161,3452799;0,05;Broker;2310
50;1;1;4;1;1;1;166,260298;0,05;Broker;2314
45;1;4;4;1;2;0;135,8516515;0,05;Broker;2316
41;1;4;4;4;4;3;130,6452932;0,05;Broker;2317
45;1;1;4;1;1;3;130,4049893;0,05;Broker;2319
45;1;4;4;4;4;0;140,3077076;0,05;Broker;2323
48;1;1;4;1;1;2;141,251379;0,05;Broker;2328
50;1;1;4;1;1;0;153,5557925;0,05;Broker;2329
51;1;1;4;1;1;2;156,827338;0,05;Broker;2330
46;1;4;4;1;1;2;134,6580379;0,05;Broker;2334
54;1;1;4;2;2;2;167,3854094;0,05;Broker;2341
55;1;1;4;1;1;2;166,6080794;0,05;Broker;2346
54;1;1;4;1;1;2;167,9163812;0,05;Broker;2348
44;1;1;4;4;4;0;148,1901714;0,05;Broker;2353
42;1;1;4;4;4;2;142,1274588;0,05;Broker;2355
41;1;4;4;1;1;3;135,8395877;0,05;Broker;2356
51;1;1;4;1;1;0;157,9342101;0,05;Broker;2357
46;1;4;4;4;4;0;142,9568568;0,05;Broker;2359
51;1;1;4;2;2;2;150,7630569;0,05;Broker;2360
50;1;4;4;1;1;2;170,4615063;0,05;Broker;2368
50;1;1;4;4;4;2;158,3399341;0,05;Broker;2371
64;1;1;4;1;2;2;180;0,05;Broker;2372
46;1;4;4;1;2;2;136,1914246;0,05;Broker;2379
62;1;4;4;2;2;3;180;0,05;Broker;2381
48;1;1;4;2;2;2;149,7578335;0,05;Broker;2382
54;1;1;4;1;1;0;172,1934499;0,05;Broker;2385
49;1;1;4;1;1;2;158,6173937;0,05;Broker;2386
54;1;4;4;1;1;0;172,4765452;0,05;Broker;2388
48;1;1;4;1;1;2;145,7778854;0,05;Broker;2393
42;1;4;4;1;1;2;129,4489267;0,05;Broker;2397
60;1;1;4;2;2;0;180;0,05;Broker;2399
47;1;4;4;1;1;2;147,7869147;0,05;Broker;2400
43;1;1;4;1;1;2;138,4636314;0,05;Broker;2402
50;1;4;4;1;1;2;157,885507;0,05;Broker;2411
46;1;4;4;4;4;2;148,5788221;0,05;Broker;2413
47;1;1;4;1;2;2;149,1211439;0,05;Broker;2416
50;1;1;4;2;2;2;155,8269615;0,05;Broker;2422
59;1;3;1;3;3;1;180;0,05;Broker;2423
53;1;3;2;3;3;1;169,4862079;0,05;Broker;2425
54;1;3;1;3;3;1;173,9752977;0,05;Broker;2430
47;1;3;1;3;3;1;150,3832571;0,05;Broker;2432
51;1;3;2;3;3;1;160,8055017;0,05;Broker;2433
50;1;3;2;3;3;1;156,0223465;0,05;Broker;2434
53;1;3;2;3;3;1;161,3868618;0,05;Broker;2437
51;1;3;2;3;3;1;161,9162222;0,05;Broker;2441
48;1;3;2;3;3;1;154,6624867;0,05;Broker;2442
46;1;3;2;3;3;1;146,5625582;0,05;Broker;2443
64;1;3;2;3;3;1;180;0,05;Broker;2446
49;1;3;2;3;3;1;141,9850399;0,05;Broker;2452
56;1;3;1;3;3;1;168,4080214;0,05;Broker;2455
50;1;3;2;3;3;1;162,3406605;0,05;Broker;2459
49;1;3;1;3;3;1;140,969713;0,05;Broker;2460
46;1;3;1;3;3;1;140,1128921;0,05;Broker;2461
57;1;3;1;3;3;2;170,7796798;0,05;Broker;2465
62;1;3;1;3;3;0;180;0,05;Broker;2466
54;1;3;1;3;3;2;162,2552642;0,05;Broker;2469
54;1;3;2;3;3;2;167,7121994;0,05;Broker;2473
64;1;3;1;3;3;0;180;0,05;Broker;2475
63;1;3;1;3;3;2;180;0,05;Broker;2477
47;1;3;2;3;3;3;151,1619268;0,05;Broker;2481
65;1;3;1;3;3;2;180;0,05;Broker;2482
59;1;3;1;3;3;2;177,4373476;0,05;Broker;2486
42;1;3;1;3;3;2;131,8240373;0,05;Broker;2487
44;1;3;1;3;3;3;135,8442571;0,05;Broker;2488
63;1;3;2;3;3;0;180;0,05;Broker;2493
48;1;3;2;3;3;0;151,3812672;0,05;Broker;2494
41;1;3;2;3;3;2;126,1759596;0,05;Broker;2500
44;1;3;2;3;3;0;137,0331631;0,05;Broker;2501
53;1;3;1;3;3;3;178,0727933;0,05;Broker;2502
58;1;3;1;3;3;2;174,8021683;0,05;Broker;2503
54;1;3;2;3;3;3;169,7533072;0,05;Broker;2507
62;1;3;1;3;3;2;180;0,05;Broker;2508
61;1;3;1;3;3;3;180;0,05;Broker;2511
63;1;3;1;3;3;2;180;0,05;Broker;2512
51;1;3;1;3;3;2;156,3035548;0,05;Broker;2514
43;1;3;2;3;3;2;148,3897058;0,05;Broker;2516
46;1;3;2;3;3;2;147,1463893;0,05;Broker;2521
44;1;3;2;3;3;2;152,9645012;0,05;Broker;2522
45;1;3;2;3;4;1;141,8290928;0,05;Broker;2523
42;1;3;1;3;4;1;135,3240169;0,05;Broker;2528
43;1;3;1;3;4;1;135,7848431;0,05;Broker;2530
57;1;3;2;3;4;1;155,4240578;0,05;Broker;2534
45;1;3;2;3;4;1;137,1484714;0,05;Broker;2539
50;1;3;2;3;4;1;160,3084071;0,05;Broker;2541
42;1;3;1;3;4;0;147,4630714;0,05;Broker;2544
43;1;3;1;3;4;2;134,3603874;0,05;Broker;2546
42;1;3;1;3;4;2;131,9670974;0,05;Broker;2547
56;1;3;2;3;4;2;180;0,05;Broker;2548
63;1;3;2;3;4;2;180;0,05;Broker;2549
43;1;3;1;3;4;0;142,5371863;0,05;Broker;2552
44;1;3;1;3;4;0;141,0611123;0,05;Broker;2553
57;1;3;2;3;4;0;178,4927475;0,05;Broker;2556
57;1;3;2;3;4;2;174,3224163;0,05;Broker;2558
55;1;3;1;3;4;0;167,5808601;0,05;Broker;2560
55;1;3;1;3;4;2;180;0,05;Broker;2571
56;1;3;2;3;4;2;176,7820484;0,05;Broker;2574
56;1;3;2;3;4;0;170,0669887;0,05;Broker;2576
55;1;3;2;3;4;2;172,736453;0,05;Broker;2580
52;1;3;1;3;4;2;169,5956886;0,05;Broker;2581
62;1;3;1;3;4;2;180;0,05;Broker;2582
55;1;3;1;3;4;2;174,4582806;0,05;Broker;2583
54;1;3;2;2;3;1;161,9359276;0,05;Broker;2587
56;1;3;1;2;3;1;177,92638;0,05;Broker;2589
52;1;3;2;2;3;1;160,7447864;0,05;Broker;2590
59;1;3;1;2;3;0;180;0,05;Broker;2591
52;1;3;1;2;3;0;161,6866434;0,05;Broker;2592
44;1;3;1;2;3;0;135,3412681;0,05;Broker;2593
46;1;3;1;2;3;2;149,7794236;0,05;Broker;2596
49;1;3;1;2;3;0;160,7126328;0,05;Broker;2597
54;1;3;1;2;3;2;163,0357451;0,05;Broker;2599
51;1;3;2;2;3;0;160,5157401;0,05;Broker;2600
51;1;3;1;1;1;1;160,0383011;0,05;Broker;2602
62;1;3;1;2;2;1;180;0,05;Broker;2603
60;1;3;2;1;1;1;180;0,05;Broker;2604
58;1;3;2;2;2;1;178,5257791;0,05;Broker;2605
55;1;3;1;4;4;1;168,3638105;0,05;Broker;2607
53;1;3;1;1;2;1;168,7127971;0,05;Broker;2609
45;1;3;2;4;4;1;151,4523853;0,05;Broker;2612
45;1;3;2;1;1;1;145,1429243;0,05;Broker;2621
50;1;3;1;2;2;1;157,9435742;0,05;Broker;2627
63;1;3;1;1;2;1;180;0,05;Broker;2629
44;1;3;2;1;2;1;139,2348735;0,05;Broker;2633
47;1;3;2;1;1;1;151,0387884;0,05;Broker;2635
50;1;3;2;1;2;1;151,7584154;0,05;Broker;2640
49;1;3;1;4;4;1;162,9673603;0,05;Broker;2644
44;1;3;2;1;2;1;139,2658319;0,05;Broker;2645
50;1;3;1;2;2;1;154,6735229;0,05;Broker;2647
49;1;3;1;1;2;1;148,079124;0,05;Broker;2652
42;1;3;1;2;2;1;140,223678;0,05;Broker;2655
55;1;3;1;1;1;1;172,8402897;0,05;Broker;2657
43;1;3;1;1;2;1;134,3378425;0,05;Broker;2659
47;1;3;2;4;4;1;153,6944129;0,05;Broker;2664
54;1;3;2;1;1;1;173,5297205;0,05;Broker;2667
45;1;3;1;4;4;1;140,4606798;0,05;Broker;2670
60;1;3;2;2;2;1;180;0,05;Broker;2671
48;1;3;1;1;1;1;148,1646984;0,05;Broker;2676
59;1;3;2;1;1;2;180;0,05;Broker;2677
62;1;3;1;1;1;2;180;0,05;Broker;2679
46;1;3;2;4;4;2;142,1986026;0,05;Broker;2681
57;1;3;1;4;4;0;179,2350935;0,05;Broker;2683
47;1;3;2;2;2;0;142,996774;0,05;Broker;2687
46;1;3;2;2;2;0;139,3738849;0,05;Broker;2690
43;1;3;1;1;1;0;136,6225932;0,05;Broker;2697
45;1;3;1;1;2;2;136,0569409;0,05;Broker;2698
46;1;3;1;1;2;2;144,5999136;0,05;Broker;2700
44;1;3;1;2;2;0;140,3097559;0,05;Broker;2703
60;1;3;1;1;1;2;180;0,05;Broker;2705
48;1;3;1;1;1;0;148,923223;0,05;Broker;2707
43;1;3;2;1;2;2;135,2497738;0,05;Broker;2711
56;1;3;2;2;2;2;174,270122;0,05;Broker;2713
60;1;3;2;1;2;2;180;0,05;Broker;2716
44;1;3;2;1;1;2;128,0426656;0,05;Broker;2717
47;1;3;1;1;1;2;148,725821;0,05;Broker;2718
59;1;3;2;1;1;2;180;0,05;Broker;2719
46;1;3;2;1;2;0;135,2742773;0,05;Broker;2721
52;1;3;2;4;4;0;157,7541264;0,05;Broker;2726
55;1;3;1;2;2;2;171,9608954;0,05;Broker;2728
63;1;3;1;1;2;2;180;0,05;Broker;2729
45;1;3;1;2;2;2;144,3492886;0,05;Broker;2734
55;1;3;2;4;4;2;171,227086;0,05;Broker;2736
60;1;3;1;1;1;0;180;0,05;Broker;2739
47;1;3;2;4;4;3;156,5618525;0,05;Broker;2743
52;1;3;1;1;1;2;163,6312321;0,05;Broker;2744
59;1;3;1;1;2;0;180;0,05;Broker;2745
48;1;3;1;1;1;0;155,9669318;0,05;Broker;2747
49;1;3;1;4;4;2;154,8069063;0,05;Broker;2751
45;1;3;1;1;1;0;138,7916841;0,05;Broker;2752
43;1;3;1;1;1;2;144,1874602;0,05;Broker;2759
47;1;3;2;1;1;2;147,2239741;0,05;Broker;2762
43;1;3;1;1;2;2;130,0517069;0,05;Broker;2764
43;1;3;2;4;4;2;133,8382329;0,05;Broker;2765
48;1;3;1;1;1;2;149,3293764;0,05;Broker;2766
45;1;3;1;2;2;0;145,2051872;0,05;Broker;2767
55;1;3;1;2;2;2;169,8300857;0,05;Broker;2772
41;1;3;1;4;4;0;138,4794899;0,05;Broker;2773
45;1;3;2;2;2;2;133,2314399;0,05;Broker;2781
56;1;3;2;1;1;0;176,1456559;0,05;Broker;2786
60;1;3;1;1;1;0;180;0,05;Broker;2787
44;1;3;1;1;1;2;138,2932571;0,05;Broker;2790
42;1;3;2;4;4;2;134,2061284;0,05;Broker;2792
43;1;3;1;1;1;2;124,2378245;0,05;Broker;2794
48;1;3;3;3;3;1;153,5047296;0,05;Broker;2799
41;1;3;3;3;3;1;130,4946115;0,05;Broker;2801
50;1;3;3;3;3;1;152,5055417;0,05;Broker;2803
59;1;3;3;3;3;1;180;0,05;Broker;2804
65;1;3;3;3;3;1;180;0,05;Broker;2805
43;1;3;3;3;3;1;141,0008337;0,05;Broker;2811
49;1;3;3;3;3;1;158,3180586;0,05;Broker;2812
53;1;3;3;3;3;1;169,4545405;0,05;Broker;2813
59;1;3;3;3;3;0;180;0,05;Broker;2816
48;1;3;3;3;3;0;148,3183176;0,05;Broker;2817
52;1;3;3;3;3;2;169,8146163;0,05;Broker;2818
42;1;3;3;3;3;3;123,7035171;0,05;Broker;2819
49;1;3;3;3;3;0;160,5020047;0,05;Broker;2822
43;1;3;3;3;3;0;137,7802571;0,05;Broker;2824
51;1;3;3;3;3;2;162,2319056;0,05;Broker;2827
43;1;3;3;3;3;2;133,7698754;0,05;Broker;2830
47;1;3;3;3;3;2;142,7523501;0,05;Broker;2836
60;1;3;3;3;3;2;180;0,05;Broker;2839
47;1;3;3;3;3;0;142,8467341;0,05;Broker;2841
50;1;3;3;3;3;2;162,9910943;0,05;Broker;2849
48;1;3;3;3;4;1;152,7362863;0,05;Broker;2853
61;1;3;3;3;4;1;180;0,05;Broker;2854
41;1;3;3;3;4;1;129,3509357;0,05;Broker;2855
53;1;3;3;3;4;1;165,3121403;0,05;Broker;2858
57;1;3;3;3;4;1;180;0,05;Broker;2860
49;1;3;3;3;4;2;150,3585478;0,05;Broker;2862
43;1;3;3;3;4;2;127,6431481;0,05;Broker;2863
41;1;3;3;3;4;2;129,4054128;0,05;Broker;2864
48;1;3;3;3;4;0;147,0550095;0,05;Broker;2871
42;1;3;3;3;4;0;136,4561304;0,05;Broker;2878
41;1;3;3;3;4;0;136,5408078;0,05;Broker;2880
54;1;3;3;3;4;0;168,8572763;0,05;Broker;2882
57;1;3;3;2;3;1;178,6914808;0,05;Broker;2883
45;1;3;3;2;3;1;144,2649903;0,05;Broker;2887
57;1;3;3;2;3;2;175,7773089;0,05;Broker;2888
59;1;3;3;2;3;2;180;0,05;Broker;2889
42;1;3;3;2;3;0;132,4160757;0,05;Broker;2890
46;1;3;3;2;3;2;144,9445847;0,05;Broker;2891
56;1;3;3;2;3;2;167,1773745;0,05;Broker;2893
55;1;3;3;2;3;2;175,5160701;0,05;Broker;2894
43;1;3;3;1;1;1;129,7107434;0,05;Broker;2896
41;1;3;3;1;2;1;126,9133233;0,05;Broker;2897
51;1;3;3;1;1;1;160,0140241;0,05;Broker;2902
54;1;3;3;4;4;1;164,6756429;0,05;Broker;2903
43;1;3;3;1;1;1;130,9097964;0,05;Broker;2908
60;1;3;3;1;2;1;180;0,05;Broker;2913
44;1;3;3;1;2;1;140,3016408;0,05;Broker;2915
57;1;3;3;2;2;1;171,0649903;0,05;Broker;2921
55;1;3;3;4;4;1;166,9033764;0,05;Broker;2924
63;1;3;3;1;2;1;180;0,05;Broker;2925
43;1;3;3;4;4;1;140,2415853;0,05;Broker;2926
52;1;3;3;4;4;1;165,6772905;0,05;Broker;2928
62;1;3;3;2;2;0;180;0,05;Broker;2933
42;1;3;3;1;2;0;125,9490987;0,05;Broker;2934
52;1;3;3;1;2;2;158,782608;0,05;Broker;2936
62;1;3;3;1;2;0;180;0,05;Broker;2940
57;1;3;3;1;1;2;177,6461361;0,05;Broker;2941
46;1;3;3;1;1;0;138,8885457;0,05;Broker;2943
44;1;3;3;2;2;2;142,5128862;0,05;Broker;2945
50;1;3;3;4;4;0;153,8668116;0,05;Broker;2946
55;1;3;3;1;1;3;172,9928624;0,05;Broker;2948
59;1;3;3;2;2;2;180;0,05;Broker;2953
45;1;3;3;1;1;2;144,7927294;0,05;Broker;2957
45;1;3;3;1;1;2;148,0805847;0,05;Broker;2959
47;1;3;3;2;2;2;154,4803032;0,05;Broker;2962
45;1;3;3;1;2;2;138,880976;0,05;Broker;2963
52;1;3;3;4;4;0;174,1115844;0,05;Broker;2965
44;1;3;3;1;1;3;135,1631697;0,05;Broker;2966
55;1;3;3;4;4;2;170,0287682;0,05;Broker;2967
58;1;3;3;1;1;2;179,2258707;0,05;Broker;2968
50;1;3;3;1;2;3;164,538915;0,05;Broker;2972
46;1;3;3;4;4;0;145,4540697;0,05;Broker;2976
59;1;3;3;1;1;2;180;0,05;Broker;2985
45;1;3;3;1;1;3;140,3076898;0,05;Broker;2990
41;1;3;3;2;2;3;130,3949164;0,05;Broker;2991
47;1;3;3;4;4;2;150,3567008;0,05;Broker;2992
47;1;3;3;1;1;0;145,4827579;0,05;Broker;2993
61;1;3;3;1;2;2;180;0,05;Broker;2998
60;1;3;4;3;3;1;180;0,05;Broker;3000
46;1;3;4;3;3;1;139,2753242;0,05;Broker;3002
45;1;3;4;3;3;1;142,4305372;0,05;Broker;3003
50;1;3;4;3;3;1;157,3817918;0,05;Broker;3004
50;1;3;4;3;3;1;151,7262965;0,05;Broker;3005
52;1;3;4;3;3;1;153,986501;0,05;Broker;3006
54;1;3;4;3;3;1;166,6701625;0,05;Broker;3010
49;1;3;4;3;3;1;156,6728067;0,05;Broker;3014
51;1;3;4;3;3;1;156,5343195;0,05;Broker;3015
49;1;3;4;3;3;0;151,692597;0,05;Broker;3020
51;1;3;4;3;3;2;159,8909932;0,05;Broker;3021
49;1;3;4;3;3;2;144,5200944;0,05;Broker;3024
49;1;3;4;3;3;3;145,8926093;0,05;Broker;3026
44;1;3;4;3;3;2;132,9746642;0,05;Broker;3027
42;1;3;4;3;3;0;135,1057125;0,05;Broker;3028
47;1;3;4;3;3;2;153,4248636;0,05;Broker;3029
45;1;3;4;3;3;2;148,2250693;0,05;Broker;3031
52;1;3;4;3;3;2;163,8852224;0,05;Broker;3033
46;1;3;4;3;3;2;151,8935203;0,05;Broker;3035
63;1;3;4;3;3;2;180;0,05;Broker;3042
61;1;3;4;3;3;2;180;0,05;Broker;3043
46;1;3;4;3;3;2;137,3734857;0,05;Broker;3048
56;1;3;4;3;3;0;174,0582983;0,05;Broker;3049
50;1;3;4;3;4;1;153,9385904;0,05;Broker;3050
53;1;3;4;3;4;1;171,3088294;0,05;Broker;3052
51;1;3;4;3;4;1;161,9303707;0,05;Broker;3056
57;1;3;4;3;4;1;173,5735877;0,05;Broker;3057
51;1;3;4;3;4;1;159,8752994;0,05;Broker;3058
51;1;3;4;3;4;2;153,8606165;0,05;Broker;3059
49;1;3;4;3;4;0;153,4215454;0,05;Broker;3060
47;1;3;4;3;4;2;155,9606419;0,05;Broker;3062
43;1;3;4;3;4;2;129,9046611;0,05;Broker;3064
55;1;3;4;3;4;2;177,5994268;0,05;Broker;3065
54;1;3;4;3;4;2;168,5859444;0,05;Broker;3066
46;1;3;4;3;4;2;151,2416213;0,05;Broker;3067
57;1;3;4;3;4;2;180;0,05;Broker;3068
65;1;3;4;3;4;2;180;0,05;Broker;3070
59;1;3;4;3;4;2;180;0,05;Broker;3072
52;1;3;4;3;4;2;162,5180925;0,05;Broker;3076
57;1;3;4;3;4;0;173,5030521;0,05;Broker;3078
54;1;3;4;2;3;1;165,0669875;0,05;Broker;3085
42;1;3;4;2;3;1;127,5904241;0,05;Broker;3086
51;1;3;4;2;3;2;156,7071733;0,05;Broker;3089
44;1;3;4;2;3;3;148,0047579;0,05;Broker;3091
46;1;3;4;2;3;0;141,4828749;0,05;Broker;3092
59;1;3;4;2;3;0;176,5448015;0,05;Broker;3095
45;1;3;4;2;2;1;140,9628433;0,05;Broker;3105
46;1;3;4;1;2;1;139,7025884;0,05;Broker;3111
47;1;3;4;4;4;1;144,1100125;0,05;Broker;3115
41;1;3;4;1;1;1;119,9830119;0,05;Broker;3121
43;1;3;4;2;2;1;131,5344837;0,05;Broker;3123
41;1;3;4;2;2;1;127,2915872;0,05;Broker;3125
46;1;3;4;1;1;1;138,3435881;0,05;Broker;3127
50;1;3;4;1;2;1;159,8086424;0,05;Broker;3131
50;1;3;4;4;4;1;158,7507121;0,05;Broker;3133
42;1;3;4;4;4;0;134,0003502;0,05;Broker;3135
49;1;3;4;1;1;2;146,3856327;0,05;Broker;3137
53;1;3;4;1;2;2;166,3799642;0,05;Broker;3139
58;1;3;4;1;2;2;176,9216768;0,05;Broker;3141
55;1;3;4;4;4;0;178,1707376;0,05;Broker;3144
54;1;3;4;1;1;0;162,2806563;0,05;Broker;3147
46;1;3;4;4;4;0;142,5915115;0,05;Broker;3148
47;1;3;4;1;1;2;146,6498774;0,05;Broker;3150
44;1;3;4;1;1;2;137,4673914;0,05;Broker;3151
50;1;3;4;1;1;3;152,7873794;0,05;Broker;3152
47;1;3;4;1;1;0;153,4405846;0,05;Broker;3154
46;1;3;4;2;2;2;143,1571315;0,05;Broker;3156
47;1;3;4;1;2;2;139,2458587;0,05;Broker;3157
57;1;3;4;1;1;0;180;0,05;Broker;3159
52;1;3;4;2;2;2;163,6142879;0,05;Broker;3161
42;1;3;4;4;4;2;133,4656878;0,05;Broker;3162
42;1;3;4;2;2;2;131,1249984;0,05;Broker;3164
41;1;3;4;1;1;3;134,6589201;0,05;Broker;3165
62;1;3;4;2;2;2;180;0,05;Broker;3166
52;1;3;4;1;1;0;153,5928943;0,05;Broker;3171
41;1;3;4;1;1;2;130,4629316;0,05;Broker;3177
42;1;3;4;1;2;2;123,3625067;0,05;Broker;3179
41;1;3;4;2;2;0;123,6918625;0,05;Broker;3183
58;1;3;4;2;2;2;180;0,05;Broker;3186
41;1;3;4;2;2;2;125,3160703;0,05;Broker;3192
49;1;3;4;1;1;2;154,2610582;0,05;Broker;3193
62;1;2;1;3;3;1;180;0,05;Broker;3196
46;1;2;2;3;3;1;144,8072661;0,05;Broker;3199
42;1;2;2;3;3;1;118,1090752;0,05;Broker;3200
41;1;2;1;3;3;1;126,3950624;0,05;Broker;3201
48;1;2;1;3;3;1;153,1174387;0,05;Broker;3203
46;1;2;1;3;3;1;143,6585727;0,05;Broker;3204
51;1;2;1;3;3;1;166,7035308;0,05;Broker;3205
44;1;2;1;3;3;1;126,9446625;0,05;Broker;3208
60;1;2;2;3;3;1;180;0,05;Broker;3210
46;1;2;1;3;3;1;141,405928;0,05;Broker;3211
43;1;2;2;3;3;1;131,0435086;0,05;Broker;3216
55;1;2;1;3;3;1;179,2712634;0,05;Broker;3218
53;1;2;2;3;3;1;161,5703066;0,05;Broker;3219
46;1;2;2;3;3;1;144,9721862;0,05;Broker;3220
54;1;2;1;3;3;1;167,6513387;0,05;Broker;3223
59;1;2;2;3;3;1;180;0,05;Broker;3224
54;1;2;2;3;3;1;168,4362187;0,05;Broker;3229
62;1;2;1;3;3;1;180;0,05;Broker;3232
48;1;2;1;3;3;1;152,7765958;0,05;Broker;3236
56;1;2;1;3;3;1;169,469208;0,05;Broker;3237
49;1;2;1;3;3;0;144,8758101;0,05;Broker;3238
47;1;2;2;3;3;2;136,9806753;0,05;Broker;3239
50;1;2;1;3;3;2;162,6748734;0,05;Broker;3240
49;1;2;2;3;3;3;156,8938204;0,05;Broker;3241
42;1;2;2;3;3;2;134,6781969;0,05;Broker;3242
47;1;2;1;3;3;0;137,4871603;0,05;Broker;3244
42;1;2;2;3;3;2;127,8779823;0,05;Broker;3247
41;1;2;1;3;3;3;135,5304503;0,05;Broker;3248
48;1;2;1;3;3;0;145,6792005;0,05;Broker;3251
54;1;2;1;3;3;2;169,0406075;0,05;Broker;3254
47;1;2;2;3;3;0;149,5254574;0,05;Broker;3256
43;1;2;1;3;3;0;130,5274422;0,05;Broker;3259
47;1;2;2;3;3;0;145,003348;0,05;Broker;3260
45;1;2;2;3;3;2;138,5073875;0,05;Broker;3261
42;1;2;2;3;3;2;143,1501945;0,05;Broker;3263
60;1;2;2;3;3;2;180;0,05;Broker;3264
49;1;2;2;3;3;0;151,8416228;0,05;Broker;3267
54;1;2;2;3;3;2;163,6983652;0,05;Broker;3268
54;1;2;2;3;3;2;170,2720173;0,05;Broker;3269
48;1;2;2;3;3;2;147,5950603;0,05;Broker;3273
56;1;2;2;3;3;3;176,6646239;0,05;Broker;3275
48;1;2;1;3;3;2;148,9285882;0,05;Broker;3276
51;1;2;1;3;3;0;166,3222277;0,05;Broker;3282
60;1;2;1;3;3;2;180;0,05;Broker;3283
62;1;2;1;3;3;2;180;0,05;Broker;3285
53;1;2;1;3;3;0;165,8513112;0,05;Broker;3287
51;1;2;2;3;3;0;151,4460998;0,05;Broker;3288
48;1;2;2;3;3;0;152,670463;0,05;Broker;3289
48;1;2;1;3;3;2;148,0579406;0,05;Broker;3291
47;1;2;2;3;3;2;148,6448937;0,05;Broker;3295
48;1;2;2;3;3;0;145,0534568;0,05;Broker;3297
55;1;2;1;3;3;2;168,3539531;0,05;Broker;3298
58;1;2;2;3;3;2;180;0,05;Broker;3299
55;1;2;2;3;3;3;170,1953839;0,05;Broker;3301
54;1;2;1;3;3;2;166,3832291;0,05;Broker;3304
47;1;2;2;3;3;0;156,7662986;0,05;Broker;3306
44;1;2;1;3;3;3;147,7697303;0,05;Broker;3307
44;1;2;2;3;3;2;130,4041921;0,05;Broker;3308
42;1;2;1;3;3;2;130,8910157;0,05;Broker;3312
51;1;2;1;3;3;2;161,9036797;0,05;Broker;3313
47;1;2;1;3;4;1;154,8772527;0,05;Broker;3315
41;1;2;2;3;4;1;120,242447;0,05;Broker;3317
53;1;2;2;3;4;1;162,6268721;0,05;Broker;3318
56;1;2;2;3;4;1;171,5462208;0,05;Broker;3319
46;1;2;2;3;4;1;148,7397658;0,05;Broker;3322
50;1;2;1;3;4;1;156,1637467;0,05;Broker;3324
47;1;2;1;3;4;1;149,2282262;0,05;Broker;3327
43;1;2;2;3;4;1;133,1476301;0,05;Broker;3328
44;1;2;2;3;4;0;145,0821034;0,05;Broker;3330
46;1;2;1;3;4;2;146,2340103;0,05;Broker;3332
54;1;2;1;3;4;2;170,9854513;0,05;Broker;3336
51;1;2;2;3;4;2;160,3151848;0,05;Broker;3337
56;1;2;2;3;4;0;172,2049543;0,05;Broker;3340
42;1;2;2;3;4;2;136,7564596;0,05;Broker;3342
58;1;2;1;3;4;2;180;0,05;Broker;3345
42;1;2;1;3;4;2;138,3821196;0,05;Broker;3348
47;1;2;2;3;4;0;146,998025;0,05;Broker;3352
52;1;2;2;3;4;2;159,0579532;0,05;Broker;3358
65;1;2;2;3;4;2;180;0,05;Broker;3359
64;1;2;2;3;4;0;180;0,05;Broker;3365
50;1;2;1;2;3;1;152,9593912;0,05;Broker;3373
61;1;2;1;2;3;1;180;0,05;Broker;3377
63;1;2;1;2;3;2;180;0,05;Broker;3379
59;1;2;2;2;3;2;180;0,05;Broker;3380
53;1;2;2;2;3;0;165,0283542;0,05;Broker;3381
44;1;2;1;2;3;2;132,2197729;0,05;Broker;3382
49;1;2;2;2;3;3;156,4886737;0,05;Broker;3383
52;1;2;2;2;3;2;166,8066729;0,05;Broker;3385
44;1;2;2;2;3;0;145,9538139;0,05;Broker;3386
42;1;2;1;4;4;1;132,6425077;0,05;Broker;3390
55;1;2;2;1;1;1;175,200955;0,05;Broker;3392
42;1;2;1;1;1;1;133,4850201;0,05;Broker;3396
53;1;2;1;1;2;1;171,9552132;0,05;Broker;3398
51;1;2;2;4;4;1;152,4916807;0,05;Broker;3400
42;1;2;2;4;4;1;137,4345137;0,05;Broker;3404
51;1;2;1;1;1;1;158,7662841;0,05;Broker;3405
53;1;2;2;4;4;1;171,9133198;0,05;Broker;3409
46;1;2;1;2;2;1;144,6589688;0,05;Broker;3410
47;1;2;1;4;4;1;141,933532;0,05;Broker;3414
60;1;2;1;1;2;1;180;0,05;Broker;3417
55;1;2;1;2;2;1;163,485821;0,05;Broker;3418
45;1;2;1;2;2;1;130,6899535;0,05;Broker;3421
60;1;2;1;4;4;1;180;0,05;Broker;3423
49;1;2;2;4;4;1;155,5108873;0,05;Broker;3429
57;1;2;1;4;4;1;166,9194309;0,05;Broker;3431
61;1;2;2;1;1;1;180;0,05;Broker;3432
55;1;2;2;1;1;1;176,0883974;0,05;Broker;3433
54;1;2;1;1;1;1;171,3757698;0,05;Broker;3435
49;1;2;1;1;2;1;152,6478313;0,05;Broker;3436
55;1;2;1;2;2;1;170,8432005;0,05;Broker;3439
42;1;2;2;1;1;1;122,8752035;0,05;Broker;3440
54;1;2;1;4;4;1;163,9458871;0,05;Broker;3441
43;1;2;2;4;4;1;140,9338964;0,05;Broker;3442
51;1;2;2;4;4;1;164,2277561;0,05;Broker;3443
43;1;2;1;2;2;1;137,8291902;0,05;Broker;3445
45;1;2;2;1;1;1;148,5511561;0,05;Broker;3446
42;1;2;2;4;4;1;140,4181687;0,05;Broker;3452
56;1;2;1;4;4;1;170,5373533;0,05;Broker;3455
50;1;2;2;4;4;1;160,7332079;0,05;Broker;3456
56;1;2;1;4;4;0;168,6404231;0,05;Broker;3459
44;1;2;1;1;1;2;146,147696;0,05;Broker;3461
58;1;2;1;2;2;2;179,3427505;0,05;Broker;3463
52;1;2;1;4;4;2;168,7082594;0,05;Broker;3466
43;1;2;2;1;1;2;130,3481391;0,05;Broker;3473
49;1;2;2;1;1;0;152,5337354;0,05;Broker;3475
45;1;2;2;2;2;0;138,9350634;0,05;Broker;3484
53;1;2;1;4;4;2;167,653428;0,05;Broker;3487
47;1;2;2;1;1;2;150,1081754;0,05;Broker;3488
53;1;2;1;2;2;0;166,9730303;0,05;Broker;3489
59;1;2;2;4;4;2;180;0,05;Broker;3491
53;1;2;1;4;4;0;165,9779996;0,05;Broker;3494
46;1;2;2;2;2;2;142,157569;0,05;Broker;3499
44;1;2;2;4;4;2;138,573635;0,05;Broker;3500
45;1;2;1;1;1;0;144,7500578;0,05;Broker;3501
41;1;2;1;1;2;2;132,3078761;0,05;Broker;3505
56;1;2;2;1;1;0;168,4220502;0,05;Broker;3506
52;1;2;2;4;4;2;166,4952689;0,05;Broker;3508
45;1;2;1;1;1;2;137,3383076;0,05;Broker;3511
46;1;2;1;1;2;2;138,4264773;0,05;Broker;3513
53;1;2;2;4;4;3;173,7396995;0,05;Broker;3517
53;1;2;1;1;2;2;164,5047359;0,05;Broker;3519
58;1;2;1;4;4;2;174,084429;0,05;Broker;3524
61;1;2;1;1;1;2;180;0,05;Broker;3527
45;1;2;2;2;2;0;149,0582857;0,05;Broker;3528
47;1;2;2;1;2;2;149,676009;0,05;Broker;3529
49;1;2;1;4;4;2;156,4301072;0,05;Broker;3530
60;1;2;1;1;1;0;180;0,05;Broker;3531
57;1;2;2;2;2;2;169,7015945;0,05;Broker;3532
62;1;2;1;2;2;2;180;0,05;Broker;3537
47;1;2;2;1;1;2;142,1263191;0,05;Broker;3538
47;1;2;1;1;1;3;142,5772509;0,05;Broker;3539
56;1;2;2;2;2;2;171,7695393;0,05;Broker;3540
47;1;2;2;4;4;2;143,5581251;0,05;Broker;3542
53;1;2;2;1;1;0;166,4641851;0,05;Broker;3543
42;1;2;2;4;4;2;134,5020795;0,05;Broker;3545
44;1;2;1;4;4;0;133,4712939;0,05;Broker;3547
56;1;2;1;2;2;2;178,891563;0,05;Broker;3548
53;1;2;2;1;1;2;163,0649585;0,05;Broker;3549
45;1;2;1;4;4;2;137,6656764;0,05;Broker;3550
43;1;2;1;1;2;2;137,9381308;0,05;Broker;3552
43;1;2;1;4;4;2;136,132119;0,05;Broker;3553
42;1;2;2;1;1;3;130,6219141;0,05;Broker;3558
56;1;2;2;1;1;0;180;0,05;Broker;3560
50;1;2;3;3;3;1;154,6877807;0,05;Broker;3561
41;1;2;3;3;3;1;131,8876725;0,05;Broker;3563
52;1;2;3;3;3;1;158,0160829;0,05;Broker;3564
44;1;2;3;3;3;1;132,5655934;0,05;Broker;3565
59;1;2;3;3;3;1;180;0,05;Broker;3568
42;1;2;3;3;3;1;132,9975209;0,05;Broker;3575
50;1;2;3;3;3;1;157,5676267;0,05;Broker;3576
50;1;2;3;3;3;1;148,8454936;0,05;Broker;3580
41;1;2;3;3;3;1;121,2180391;0,05;Broker;3581
49;1;2;3;3;3;2;155,5519676;0,05;Broker;3584
47;1;2;3;3;3;2;149,780355;0,05;Broker;3586
41;1;2;3;3;3;2;124,9322249;0,05;Broker;3587
59;1;2;3;3;3;2;180;0,05;Broker;3588
55;1;2;3;3;3;0;166,0294618;0,05;Broker;3595
42;1;2;3;3;3;3;137,7838421;0,05;Broker;3600
48;1;2;3;3;3;2;151,851536;0,05;Broker;3602
56;1;2;3;3;3;0;169,971651;0,05;Broker;3604
53;1;2;3;3;3;2;163,1010872;0,05;Broker;3605
47;1;2;3;3;3;2;154,3129816;0,05;Broker;3606
49;1;2;3;3;3;2;155,3513797;0,05;Broker;3609
43;1;2;3;3;4;1;141,8007698;0,05;Broker;3611
60;1;2;3;3;4;1;176,4085381;0,05;Broker;3612
48;1;2;3;3;4;1;147,4861117;0,05;Broker;3613
51;1;2;3;3;4;1;161,6763916;0,05;Broker;3615
59;1;2;3;3;4;1;180;0,05;Broker;3619
47;1;2;3;3;4;1;147,7544216;0,05;Broker;3621
59;1;2;3;3;4;1;180;0,05;Broker;3622
62;1;2;3;3;4;1;180;0,05;Broker;3623
51;1;2;3;3;4;0;162,092944;0,05;Broker;3625
52;1;2;3;3;4;0;163,3044685;0,05;Broker;3626
59;1;2;3;3;4;2;180;0,05;Broker;3630
65;1;2;3;3;4;2;180;0,05;Broker;3631
60;1;2;3;3;4;2;180;0,05;Broker;3633
49;1;2;3;3;4;2;156,0270166;0,05;Broker;3637
53;1;2;3;3;4;2;159,6376411;0,05;Broker;3639
57;1;2;3;2;3;1;180;0,05;Broker;3643
43;1;2;3;2;3;1;139,899938;0,05;Broker;3644
47;1;2;3;1;1;1;148,1934268;0,05;Broker;3650
50;1;2;3;1;1;1;156,9516272;0,05;Broker;3652
42;1;2;3;1;2;1;137,3441287;0,05;Broker;3653
47;1;2;3;4;4;1;160,7879838;0,05;Broker;3654
48;1;2;3;1;1;1;151,0333698;0,05;Broker;3658
44;1;2;3;1;2;1;136,3339526;0,05;Broker;3660
50;1;2;3;2;2;1;149,8301483;0,05;Broker;3661
48;1;2;3;1;2;1;147,9149593;0,05;Broker;3666
49;1;2;3;4;4;1;151,5456452;0,05;Broker;3670
64;1;2;3;4;4;1;180;0,05;Broker;3671
60;1;2;3;1;1;1;180;0,05;Broker;3673
48;1;2;3;4;4;1;146,8560918;0,05;Broker;3677
60;1;2;3;1;2;1;180;0,05;Broker;3678
46;1;2;3;2;2;1;143,7484256;0,05;Broker;3679
44;1;2;3;1;2;1;145,1443511;0,05;Broker;3680
60;1;2;3;1;1;1;180;0,05;Broker;3682
41;1;2;3;4;4;1;133,5356835;0,05;Broker;3683
48;1;2;3;1;2;1;145,5265013;0,05;Broker;3684
46;1;2;3;4;4;1;146,4093517;0,05;Broker;3688
45;1;2;3;2;2;1;136,8579512;0,05;Broker;3690
45;1;2;3;1;2;1;138,1470271;0,05;Broker;3691
60;1;2;3;4;4;2;180;0,05;Broker;3692
46;1;2;3;1;2;0;139,90358;0,05;Broker;3693
41;1;2;3;2;2;2;130,9806868;0,05;Broker;3694
52;1;2;3;1;1;0;157,4495205;0,05;Broker;3695
63;1;2;3;2;2;0;180;0,05;Broker;3698
54;1;2;3;1;1;0;159,5987806;0,05;Broker;3700
45;1;2;3;4;4;0;140,6759166;0,05;Broker;3701
57;1;2;3;1;2;0;174,1611338;0,05;Broker;3702
48;1;2;3;1;2;2;151,7563128;0,05;Broker;3707
51;1;2;3;2;2;2;160,3335769;0,05;Broker;3712
64;1;2;3;4;4;2;180;0,05;Broker;3714
53;1;2;3;4;4;2;164,4822554;0,05;Broker;3722
46;1;2;3;1;1;0;144,4361413;0,05;Broker;3723
41;1;2;3;1;1;0;124,1643837;0,05;Broker;3725
58;1;2;3;1;1;0;173,0706563;0,05;Broker;3728
56;1;2;4;3;3;1;177,3906056;0,05;Broker;3737
44;1;2;4;3;3;1;128,8091671;0,05;Broker;3738
45;1;2;4;3;3;1;140,5357847;0,05;Broker;3739
44;1;2;4;3;3;1;138,6764412;0,05;Broker;3741
41;1;2;4;3;3;1;120,7181994;0,05;Broker;3742
53;1;2;4;3;3;1;155,0174953;0,05;Broker;3744
43;1;2;4;3;3;1;128,6398043;0,05;Broker;3745
46;1;2;4;3;3;1;136,6581769;0,05;Broker;3748
41;1;2;4;3;3;0;129,5833062;0,05;Broker;3750
58;1;2;4;3;3;2;175,7313183;0,05;Broker;3751
60;1;2;4;3;3;2;180;0,05;Broker;3753
55;1;2;4;3;3;3;166,7940061;0,05;Broker;3755
45;1;2;4;3;3;0;136,9740924;0,05;Broker;3756
52;1;2;4;3;3;3;163,5565732;0,05;Broker;3760
49;1;2;4;3;3;3;145,2320238;0,05;Broker;3762
43;1;2;4;3;3;2;145,113547;0,05;Broker;3763
42;1;2;4;3;3;2;131,5390577;0,05;Broker;3764
52;1;2;4;3;3;2;165,6957462;0,05;Broker;3765
50;1;2;4;3;3;2;154,9350575;0,05;Broker;3766
52;1;2;4;3;3;2;162,2919075;0,05;Broker;3768
52;1;2;4;3;3;2;166,7242951;0,05;Broker;3769
46;1;2;4;3;3;0;148,1888061;0,05;Broker;3771
41;1;2;4;3;3;2;131,9480389;0,05;Broker;3773
56;1;2;4;3;4;1;161,7116768;0,05;Broker;3775
44;1;2;4;3;4;1;135,6778535;0,05;Broker;3776
47;1;2;4;3;4;1;155,7362863;0,05;Broker;3777
55;1;2;4;3;4;1;175,6865307;0,05;Broker;3778
49;1;2;4;3;4;1;158,786615;0,05;Broker;3779
53;1;2;4;3;4;1;161,7734009;0,05;Broker;3784
46;1;2;4;3;4;1;146,6603652;0,05;Broker;3787
48;1;2;4;3;4;1;150,2645797;0,05;Broker;3788
51;1;2;4;3;4;2;158,4157518;0,05;Broker;3793
52;1;2;4;3;4;2;147,8541928;0,05;Broker;3795
41;1;2;4;3;4;0;129,8212482;0,05;Broker;3796
50;1;2;4;3;4;2;151,7787544;0,05;Broker;3800
44;1;2;4;3;4;0;125,8329893;0,05;Broker;3802
59;1;2;4;3;4;0;180;0,05;Broker;3804
57;1;2;4;2;3;1;180;0,05;Broker;3805
46;1;2;4;2;3;2;139,2075707;0,05;Broker;3809
52;1;2;4;2;3;2;160,668883;0,05;Broker;3811
41;1;2;4;2;3;0;136,960679;0,05;Broker;3815
53;1;2;4;2;3;0;166,3069901;0,05;Broker;3818
49;1;2;4;1;1;1;153,9116919;0,05;Broker;3819
63;1;2;4;1;1;1;180;0,05;Broker;3820
59;1;2;4;1;1;1;168,5714272;0,05;Broker;3821
45;1;2;4;4;4;1;138,1324578;0,05;Broker;3823
61;1;2;4;4;4;1;180;0,05;Broker;3824
55;1;2;4;1;2;1;174,4655651;0,05;Broker;3827
54;1;2;4;4;4;1;166,1138735;0,05;Broker;3830
42;1;2;4;1;1;1;129,4513981;0,05;Broker;3832
58;1;2;4;4;4;1;175,1463485;0,05;Broker;3833
53;1;2;4;4;4;1;157,1916656;0,05;Broker;3835
51;1;2;4;4;4;1;157,4949546;0,05;Broker;3838
56;1;2;4;2;2;1;180;0,05;Broker;3839
44;1;2;4;2;2;1;134,7305216;0,05;Broker;3841
48;1;2;4;1;1;1;141,5116937;0,05;Broker;3846
50;1;2;4;4;4;1;160,5249183;0,05;Broker;3847
53;1;2;4;1;1;2;174,4182913;0,05;Broker;3852
61;1;2;4;1;2;2;180;0,05;Broker;3853
64;1;2;4;1;1;2;180;0,05;Broker;3856
61;1;2;4;1;1;2;180;0,05;Broker;3857
44;1;2;4;1;1;3;136,5952355;0,05;Broker;3861
54;1;2;4;4;4;2;165,8960969;0,05;Broker;3866
41;1;2;4;4;4;0;122,9518178;0,05;Broker;3874
41;1;2;4;4;4;2;130,427183;0,05;Broker;3876
47;1;2;4;1;2;2;149,3544436;0,05;Broker;3877
49;1;2;4;1;1;2;154,5809967;0,05;Broker;3879
65;1;2;4;4;4;2;180;0,05;Broker;3882
41;1;2;4;4;4;2;128,9972281;0,05;Broker;3883
59;1;2;4;2;2;2;178,7547879;0,05;Broker;3887
44;1;2;4;1;2;0;135,4781708;0,05;Broker;3894
52;1;2;4;1;1;2;154,5974475;0,05;Broker;3897
52;1;2;4;4;4;0;154,18381;0,05;Broker;3899
43;1;2;4;1;1;2;145,7872681;0,05;Broker;3900
48;1;2;4;2;2;2;144,4833969;0,05;Broker;3901
49;1;2;4;4;4;2;149,1066162;0,05;Broker;3903
52;1;2;4;2;2;2;160,8965714;0,05;Broker;3906
